player_id,player_name,team,match,date,position,minutes,distance_p90,m_per_min_p90,running_distance_p90,hsr_distance_p90,sprint_distance_p90,hi_distance_p90,high_acc_count_p90,high_dec_count_p90,explosive_acc_to_sprint_p90,psv99
900001,Player_001,Demo Club Norte,Demo Club Norte v Demo Club Interior,2023-08-12,AMF,103.99,10545.11,100.14,1228.2,432.97,173.52,482.54,6.49,5.39,0.72,30.81
900001,Player_001,Demo Club Norte,Demo Club Norte v Demo Club Sur,2023-09-12,AMF,71.69,10409.91,125.22,1280.83,528.5,150.64,958.76,6.9,8.91,2.27,29.57
900001,Player_001,Demo Club Norte,Demo Club Norte v Demo Club Sur,2023-10-14,AMF,76.07,9894.29,118.71,1477.45,580.39,201.48,676.69,5.33,8.34,0.14,29.13
900001,Player_001,Demo Club Norte,Demo Club Norte v Demo Club Sur,2023-11-15,AMF,99.42,8612.93,120.25,1113.26,488.9,180.72,584.78,4.26,4.21,3.0,28.7
900001,Player_001,Demo Club Norte,Demo Club Norte v Demo Club Interior,2023-12-17,AMF,61.15,9726.87,101.55,1223.74,437.09,174.56,517.67,5.43,6.19,2.1,29.17
900001,Player_001,Demo Club Norte,Demo Club Norte v Demo Club Atlántico,2024-01-18,AMF,79.18,9414.06,116.12,1263.79,569.36,66.79,899.95,5.44,8.57,2.74,30.05
900001,Player_001,Demo Club Norte,Demo Club Norte v Demo Club Sur,2024-02-19,AMF,74.39,9755.56,116.77,999.82,361.73,57.95,640.6,6.35,7.56,2.52,29.11
900001,Player_001,Demo Club Norte,Demo Club Norte v Demo Club Interior,2024-03-22,AMF,98.36,9370.82,114.13,1262.36,548.53,253.96,723.6,5.32,8.55,3.65,27.04
900001,Player_001,Demo Club Norte,Demo Club Norte v Demo Club Atlántico,2024-04-23,AMF,96.14,9092.83,103.05,1497.04,457.56,239.41,760.02,6.67,7.02,2.31,29.84
900001,Player_001,Demo Club Norte,Demo Club Norte v Demo Club Atlántico,2024-05-25,AMF,92.49,10921.07,108.96,1387.35,518.57,151.0,733.16,8.2,7.97,3.06,29.21
900002,Player_002,Demo Club Capital,Demo Club Capital v Demo Club Atlántico,2023-08-12,CMF,95.88,9895.46,111.38,1465.04,539.03,167.96,635.32,5.93,7.48,2.52,29.62
900002,Player_002,Demo Club Capital,Demo Club Capital v Demo Club Sur,2023-09-28,CMF,85.02,10298.47,110.91,1290.39,524.18,191.79,797.89,5.84,9.24,2.18,30.41
900002,Player_002,Demo Club Capital,Demo Club Capital v Demo Club Sur,2023-11-15,CMF,101.56,9133.75,107.64,1033.32,507.02,237.48,656.66,4.39,6.62,1.9,28.11
900002,Player_002,Demo Club Capital,Demo Club Capital v Demo Club Norte,2024-01-02,CMF,93.52,9965.38,112.37,1010.89,450.15,223.81,797.35,6.8,8.01,3.72,31.84
900002,Player_002,Demo Club Capital,Demo Club Capital v Demo Club Sur,2024-02-19,CMF,100.07,11479.95,114.47,1192.08,366.42,63.83,796.18,6.9,7.83,3.45,29.2
900002,Player_002,Demo Club Capital,Demo Club Capital v Demo Club Sur,2024-04-07,CMF,101.44,10066.67,109.14,1363.76,430.03,231.8,852.86,5.9,7.75,2.47,31.86
900002,Player_002,Demo Club Capital,Demo Club Capital v Demo Club Atlántico,2024-05-25,CMF,76.72,9491.29,110.63,1686.92,415.46,176.2,486.23,4.87,7.27,3.7,28.8
900003,Player_003,Demo Club Mediterráneo,Demo Club Mediterráneo v Demo Club Sur,2023-08-12,CMF,98.55,10561.55,121.19,1027.54,476.89,194.45,678.66,7.49,6.66,2.81,27.6
900003,Player_003,Demo Club Mediterráneo,Demo Club Mediterráneo v Demo Club Atlántico,2023-09-12,CMF,88.74,10227.29,113.44,865.09,448.15,153.52,491.66,7.47,10.8,2.21,30.69
900003,Player_003,Demo Club Mediterráneo,Demo Club Mediterráneo v Demo Club Interior,2023-10-14,CMF,80.97,9625.47,105.5,1124.31,387.04,242.89,466.12,3.93,6.32,2.92,27.47
900003,Player_003,Demo Club Mediterráneo,Demo Club Mediterráneo v Demo Club Norte,2023-11-15,CMF,95.44,10979.58,111.79,1484.62,585.45,175.19,542.53,7.22,9.13,2.79,29.51
900003,Player_003,Demo Club Mediterráneo,Demo Club Mediterráneo v Demo Club Atlántico,2023-12-17,CMF,102.52,9981.44,99.7,1208.75,377.58,210.51,603.68,4.12,8.28,2.05,29.14
900003,Player_003,Demo Club Mediterráneo,Demo Club Mediterráneo v Demo Club Atlántico,2024-01-18,CMF,78.7,10108.61,110.77,1399.2,439.82,103.81,670.19,4.58,6.93,2.39,28.33
900003,Player_003,Demo Club Mediterráneo,Demo Club Mediterráneo v Demo Club Capital,2024-02-19,CMF,84.62,9552.4,112.79,1576.91,373.2,149.45,519.84,8.31,9.9,2.06,31.81
900003,Player_003,Demo Club Mediterráneo,Demo Club Mediterráneo v Demo Club Atlántico,2024-03-22,CMF,101.26,10047.37,114.7,1116.45,492.3,154.27,762.09,4.82,12.1,0.66,30.73
900003,Player_003,Demo Club Mediterráneo,Demo Club Mediterráneo v Demo Club Interior,2024-04-23,CMF,102.48,10335.63,126.94,1360.18,389.81,181.02,557.48,4.86,7.86,3.4,28.78
900003,Player_003,Demo Club Mediterráneo,Demo Club Mediterráneo v Demo Club Interior,2024-05-25,CMF,68.61,9887.56,110.9,1459.11,365.05,216.52,880.06,3.08,6.74,2.57,28.02
900004,Player_004,Demo Club Atlántico,Demo Club Atlántico v Demo Club Norte,2023-08-12,CF,64.47,9075.91,124.46,1184.32,309.1,207.07,905.48,7.01,5.71,3.18,33.25
900004,Player_004,Demo Club Atlántico,Demo Club Atlántico v Demo Club Interior,2023-09-28,CF,79.12,10398.57,115.95,1343.51,423.54,151.06,673.12,7.15,9.3,3.04,33.3
900004,Player_004,Demo Club Atlántico,Demo Club Atlántico v Demo Club Sur,2023-11-15,CF,88.24,10251.45,124.09,1467.06,389.11,308.43,782.56,6.21,4.87,2.48,33.58
900004,Player_004,Demo Club Atlántico,Demo Club Atlántico v Demo Club Mediterráneo,2024-01-02,CF,92.32,10396.85,101.79,1044.55,505.74,264.13,809.83,6.25,6.3,2.68,32.66
900004,Player_004,Demo Club Atlántico,Demo Club Atlántico v Demo Club Mediterráneo,2024-02-19,CF,73.45,11387.03,110.77,940.98,598.15,251.96,598.56,6.81,5.68,3.26,32.76
900004,Player_004,Demo Club Atlántico,Demo Club Atlántico v Demo Club Interior,2024-04-07,CF,86.86,10931.42,120.39,1097.24,444.89,221.94,661.46,5.77,9.22,3.98,35.8
900004,Player_004,Demo Club Atlántico,Demo Club Atlántico v Demo Club Norte,2024-05-25,CF,87.56,10131.15,103.41,1592.72,577.91,192.72,635.62,7.39,7.23,2.88,34.02
900005,Player_005,Demo Club Sur,Demo Club Sur v Demo Club Interior,2023-08-12,WF,97.78,10434.79,92.74,1147.37,577.96,100.04,579.04,6.96,6.6,1.36,34.06
900005,Player_005,Demo Club Sur,Demo Club Sur v Demo Club Capital,2023-09-07,WF,98.77,10321.2,99.44,1171.69,744.89,156.43,714.92,6.25,8.16,2.67,35.39
900005,Player_005,Demo Club Sur,Demo Club Sur v Demo Club Capital,2023-10-03,WF,94.58,9650.53,109.46,1418.98,481.11,132.02,768.01,7.37,9.59,1.44,35.77
900005,Player_005,Demo Club Sur,Demo Club Sur v Demo Club Atlántico,2023-10-29,WF,100.37,9112.78,109.0,1263.99,548.8,104.49,586.28,6.75,7.82,3.11,34.74
900005,Player_005,Demo Club Sur,Demo Club Sur v Demo Club Atlántico,2023-11-24,WF,62.29,10454.79,105.88,1252.04,478.01,152.22,905.61,5.34,4.82,2.74,32.12
900005,Player_005,Demo Club Sur,Demo Club Sur v Demo Club Norte,2023-12-20,WF,62.01,9689.4,108.6,1233.95,458.96,167.28,590.22,8.55,8.25,1.28,36.27
900005,Player_005,Demo Club Sur,Demo Club Sur v Demo Club Interior,2024-01-15,WF,89.71,10082.71,116.83,1575.77,529.17,222.08,728.11,5.23,6.55,2.3,34.42
900005,Player_005,Demo Club Sur,Demo Club Sur v Demo Club Interior,2024-02-10,WF,61.08,10423.03,124.8,1610.04,539.74,102.68,623.74,5.17,7.59,3.63,36.31
900005,Player_005,Demo Club Sur,Demo Club Sur v Demo Club Interior,2024-03-07,WF,95.37,9355.02,94.75,1293.53,620.21,182.12,602.93,7.04,9.12,3.08,35.12
900005,Player_005,Demo Club Sur,Demo Club Sur v Demo Club Norte,2024-04-02,WF,89.08,11105.32,104.97,1232.4,558.58,249.48,654.76,2.86,5.96,3.27,32.95
900005,Player_005,Demo Club Sur,Demo Club Sur v Demo Club Norte,2024-04-28,WF,61.76,9852.22,110.67,1236.72,536.67,209.61,752.39,8.32,8.76,2.12,32.45
900005,Player_005,Demo Club Sur,Demo Club Sur v Demo Club Interior,2024-05-25,WF,92.69,10385.75,97.82,1090.66,478.17,232.18,853.47,6.96,8.56,4.37,32.19
900006,Player_006,Demo Club Interior,Demo Club Interior v Demo Club Mediterráneo,2023-08-12,DMF,67.74,11928.48,109.6,1589.69,251.34,155.83,586.96,6.81,6.75,2.72,28.33
900006,Player_006,Demo Club Interior,Demo Club Interior v Demo Club Atlántico,2023-09-28,DMF,75.25,9957.47,106.76,1143.23,641.58,126.31,828.13,9.64,6.29,2.55,29.06
900006,Player_006,Demo Club Interior,Demo Club Interior v Demo Club Atlántico,2023-11-15,DMF,92.99,9976.88,105.79,905.44,460.31,182.85,655.28,5.57,8.98,2.62,30.42
900006,Player_006,Demo Club Interior,Demo Club Interior v Demo Club Sur,2024-01-02,DMF,93.07,11822.16,114.09,1221.5,455.22,182.48,521.73,6.34,7.15,2.24,30.57
900006,Player_006,Demo Club Interior,Demo Club Interior v Demo Club Capital,2024-02-19,DMF,79.25,10477.67,102.53,1138.66,346.96,63.69,729.95,5.35,9.32,3.01,28.46
900006,Player_006,Demo Club Interior,Demo Club Interior v Demo Club Norte,2024-04-07,DMF,90.45,10716.19,118.64,1194.17,499.32,77.01,888.9,6.21,7.02,2.33,30.37
900006,Player_006,Demo Club Interior,Demo Club Interior v Demo Club Atlántico,2024-05-25,DMF,95.58,10850.35,112.81,970.78,229.84,112.64,523.23,8.01,6.48,2.26,29.83
900007,Player_007,Demo Club Norte,Demo Club Norte v Demo Club Atlántico,2023-08-12,WF,87.98,9375.27,116.67,1114.16,603.5,128.34,661.44,5.59,7.27,2.28,34.51
900007,Player_007,Demo Club Norte,Demo Club Norte v Demo Club Mediterráneo,2023-09-16,WF,63.31,9103.19,112.41,1270.27,643.47,204.48,657.13,6.04,6.68,3.74,32.2
900007,Player_007,Demo Club Norte,Demo Club Norte v Demo Club Sur,2023-10-22,WF,97.95,9854.82,116.65,1374.56,772.0,190.36,925.12,9.42,10.76,1.77,34.95
900007,Player_007,Demo Club Norte,Demo Club Norte v Demo Club Interior,2023-11-27,WF,81.11,10910.91,100.07,930.42,503.41,132.99,721.17,6.03,6.45,3.5,33.78
900007,Player_007,Demo Club Norte,Demo Club Norte v Demo Club Sur,2024-01-02,WF,89.25,9203.88,131.92,1289.04,539.47,84.02,903.0,6.24,7.01,3.36,34.15
900007,Player_007,Demo Club Norte,Demo Club Norte v Demo Club Interior,2024-02-07,WF,100.83,10194.47,110.4,1551.4,581.99,214.74,792.36,7.11,9.03,3.02,30.06
900007,Player_007,Demo Club Norte,Demo Club Norte v Demo Club Sur,2024-03-14,WF,69.56,9598.31,113.25,1267.85,503.24,216.69,888.67,6.33,6.74,1.98,33.27
900007,Player_007,Demo Club Norte,Demo Club Norte v Demo Club Sur,2024-04-19,WF,95.81,11214.15,104.63,1627.88,442.98,166.18,545.32,7.67,9.7,2.41,33.52
900007,Player_007,Demo Club Norte,Demo Club Norte v Demo Club Sur,2024-05-25,WF,98.27,11080.25,99.53,1179.26,598.48,170.63,472.44,8.17,6.58,2.87,33.65
900008,Player_008,Demo Club Capital,Demo Club Capital v Demo Club Interior,2023-08-12,AMF,73.2,10449.86,119.13,1199.73,484.2,88.76,478.11,5.65,7.59,3.72,28.94
900008,Player_008,Demo Club Capital,Demo Club Capital v Demo Club Norte,2023-09-12,AMF,64.28,10610.27,98.81,1667.93,487.3,136.73,474.43,3.96,7.5,2.04,28.49
900008,Player_008,Demo Club Capital,Demo Club Capital v Demo Club Atlántico,2023-10-14,AMF,97.31,10016.89,109.31,1060.86,703.03,152.58,740.87,5.67,10.6,2.21,27.85
900008,Player_008,Demo Club Capital,Demo Club Capital v Demo Club Interior,2023-11-15,AMF,79.99,9444.58,114.75,1396.6,534.99,169.65,578.98,6.32,7.74,2.24,29.48
900008,Player_008,Demo Club Capital,Demo Club Capital v Demo Club Atlántico,2023-12-17,AMF,97.16,10557.95,104.37,1490.73,344.51,107.14,705.45,5.7,6.59,3.12,30.31
900008,Player_008,Demo Club Capital,Demo Club Capital v Demo Club Interior,2024-01-18,AMF,81.54,10557.7,106.39,1195.66,472.95,225.32,527.1,5.25,5.73,1.51,31.25
900008,Player_008,Demo Club Capital,Demo Club Capital v Demo Club Norte,2024-02-19,AMF,83.62,10825.86,120.05,1025.36,413.01,140.47,432.75,3.74,9.37,3.35,31.34
900008,Player_008,Demo Club Capital,Demo Club Capital v Demo Club Mediterráneo,2024-03-22,AMF,76.9,11155.32,117.28,1434.12,578.42,102.18,640.34,4.18,7.39,4.24,29.63
900008,Player_008,Demo Club Capital,Demo Club Capital v Demo Club Norte,2024-04-23,AMF,63.32,10957.66,113.0,1374.6,478.15,119.0,680.16,7.62,8.83,1.45,31.73
900008,Player_008,Demo Club Capital,Demo Club Capital v Demo Club Mediterráneo,2024-05-25,AMF,97.21,9464.86,105.93,1159.35,427.06,110.62,566.19,6.23,9.28,3.06,29.01
900009,Player_009,Demo Club Mediterráneo,Demo Club Mediterráneo v Demo Club Sur,2023-08-12,CMF,77.16,11422.99,122.37,1382.95,319.65,148.62,606.89,3.35,7.66,1.93,29.93
900009,Player_009,Demo Club Mediterráneo,Demo Club Mediterráneo v Demo Club Sur,2023-09-07,CMF,104.69,9256.87,103.39,1085.96,325.53,77.63,570.46,6.25,9.69,2.67,30.19
900009,Player_009,Demo Club Mediterráneo,Demo Club Mediterráneo v Demo Club Capital,2023-10-03,CMF,75.34,10170.15,104.57,1244.6,557.82,179.12,549.79,6.16,10.72,2.0,31.15
900009,Player_009,Demo Club Mediterráneo,Demo Club Mediterráneo v Demo Club Atlántico,2023-10-29,CMF,76.16,10947.25,106.53,1403.44,366.08,139.68,613.37,3.55,5.61,1.98,29.04
900009,Player_009,Demo Club Mediterráneo,Demo Club Mediterráneo v Demo Club Norte,2023-11-24,CMF,76.18,9370.0,107.0,1661.74,562.83,192.04,590.73,2.1,9.58,1.36,31.27
900009,Player_009,Demo Club Mediterráneo,Demo Club Mediterráneo v Demo Club Interior,2023-12-20,CMF,73.29,9830.09,127.64,1066.4,291.63,261.51,650.98,6.72,7.67,3.06,27.22
900009,Player_009,Demo Club Mediterráneo,Demo Club Mediterráneo v Demo Club Capital,2024-01-15,CMF,98.12,9619.85,115.8,1047.17,426.29,118.82,652.86,4.34,7.12,2.55,29.25
900009,Player_009,Demo Club Mediterráneo,Demo Club Mediterráneo v Demo Club Capital,2024-02-10,CMF,70.73,8772.42,108.34,1457.44,478.04,128.72,375.19,8.17,8.6,2.5,30.07
900009,Player_009,Demo Club Mediterráneo,Demo Club Mediterráneo v Demo Club Interior,2024-03-07,CMF,68.98,8627.23,101.28,1392.65,591.54,158.81,595.89,6.13,7.91,4.4,29.37
900009,Player_009,Demo Club Mediterráneo,Demo Club Mediterráneo v Demo Club Atlántico,2024-04-02,CMF,70.66,9836.31,103.48,1318.27,290.34,160.22,774.69,5.88,7.91,2.04,28.91
900009,Player_009,Demo Club Mediterráneo,Demo Club Mediterráneo v Demo Club Interior,2024-04-28,CMF,60.1,9719.43,120.02,591.5,474.07,226.59,669.24,4.25,7.28,3.71,30.5
900009,Player_009,Demo Club Mediterráneo,Demo Club Mediterráneo v Demo Club Interior,2024-05-25,CMF,67.16,9172.38,116.85,756.78,301.62,148.32,601.89,6.36,6.44,2.74,30.38
900010,Player_010,Demo Club Atlántico,Demo Club Atlántico v Demo Club Interior,2023-08-12,WF,90.17,10287.99,112.26,889.51,643.18,260.69,680.94,6.98,9.24,3.61,35.13
900010,Player_010,Demo Club Atlántico,Demo Club Atlántico v Demo Club Norte,2023-09-09,WF,78.87,9111.01,113.93,951.46,625.37,115.43,722.03,10.74,5.06,2.37,34.35
900010,Player_010,Demo Club Atlántico,Demo Club Atlántico v Demo Club Mediterráneo,2023-10-08,WF,71.82,11147.97,114.06,1400.48,660.51,203.72,713.32,7.9,5.56,3.23,33.08
900010,Player_010,Demo Club Atlántico,Demo Club Atlántico v Demo Club Capital,2023-11-06,WF,103.16,9926.18,104.64,1421.24,535.77,324.87,854.48,6.49,10.86,2.21,34.78
900010,Player_010,Demo Club Atlántico,Demo Club Atlántico v Demo Club Sur,2023-12-04,WF,79.08,10214.23,95.87,961.31,531.84,313.81,662.04,7.79,7.65,1.8,32.32
900010,Player_010,Demo Club Atlántico,Demo Club Atlántico v Demo Club Mediterráneo,2024-01-02,WF,60.49,9799.61,113.7,1383.83,465.46,178.31,622.73,9.12,6.16,1.68,33.53
900010,Player_010,Demo Club Atlántico,Demo Club Atlántico v Demo Club Sur,2024-01-31,WF,103.89,9764.65,99.2,1294.22,411.52,232.86,832.43,7.02,9.54,2.91,32.23
900010,Player_010,Demo Club Atlántico,Demo Club Atlántico v Demo Club Norte,2024-02-28,WF,100.46,9367.94,106.46,1168.84,482.55,205.1,577.56,7.56,10.1,4.73,31.51
900010,Player_010,Demo Club Atlántico,Demo Club Atlántico v Demo Club Mediterráneo,2024-03-28,WF,90.57,9281.25,106.57,1238.93,577.13,101.73,713.57,4.95,9.2,2.92,35.09
900010,Player_010,Demo Club Atlántico,Demo Club Atlántico v Demo Club Norte,2024-04-26,WF,75.32,9204.48,111.23,1095.54,606.38,127.24,713.36,7.75,10.03,2.42,34.69
900010,Player_010,Demo Club Atlántico,Demo Club Atlántico v Demo Club Capital,2024-05-25,WF,84.39,11153.66,121.92,1807.18,652.6,101.37,654.76,8.42,8.16,2.8,33.48
900011,Player_011,Demo Club Sur,Demo Club Sur v Demo Club Atlántico,2023-08-12,CB,96.89,10437.74,116.49,1371.16,236.54,228.26,333.01,4.94,9.68,3.46,27.94
900011,Player_011,Demo Club Sur,Demo Club Sur v Demo Club Norte,2023-09-07,CB,68.18,10412.69,98.05,1412.85,618.5,123.27,668.92,3.89,7.61,1.5,30.89
900011,Player_011,Demo Club Sur,Demo Club Sur v Demo Club Interior,2023-10-03,CB,81.26,9467.64,118.52,1393.87,443.04,198.92,671.89,6.32,5.41,2.02,26.63
900011,Player_011,Demo Club Sur,Demo Club Sur v Demo Club Capital,2023-10-29,CB,89.33,10389.83,110.81,1431.23,252.5,197.29,661.17,5.75,5.89,1.87,29.6
900011,Player_011,Demo Club Sur,Demo Club Sur v Demo Club Atlántico,2023-11-24,CB,92.41,10532.34,96.84,1310.97,416.11,164.34,685.39,3.62,5.19,0.8,27.93
900011,Player_011,Demo Club Sur,Demo Club Sur v Demo Club Interior,2023-12-20,CB,80.11,10292.03,111.19,1451.36,418.51,175.71,777.47,5.81,6.38,2.8,30.15
900011,Player_011,Demo Club Sur,Demo Club Sur v Demo Club Norte,2024-01-15,CB,87.84,10550.77,101.1,1227.02,523.89,206.85,602.18,5.69,8.9,1.77,31.5
900011,Player_011,Demo Club Sur,Demo Club Sur v Demo Club Mediterráneo,2024-02-10,CB,84.9,8996.63,110.11,1258.13,494.65,277.8,721.12,4.87,6.02,2.54,31.86
900011,Player_011,Demo Club Sur,Demo Club Sur v Demo Club Interior,2024-03-07,CB,68.76,9252.19,116.69,1533.2,556.4,218.47,588.04,4.22,6.4,1.93,31.92
900011,Player_011,Demo Club Sur,Demo Club Sur v Demo Club Interior,2024-04-02,CB,85.77,9621.88,108.49,1396.76,281.13,115.29,580.94,6.78,10.2,2.27,31.87
900011,Player_011,Demo Club Sur,Demo Club Sur v Demo Club Capital,2024-04-28,CB,95.7,9797.17,102.49,1074.91,455.76,224.63,705.04,6.65,8.66,2.37,32.06
900011,Player_011,Demo Club Sur,Demo Club Sur v Demo Club Atlántico,2024-05-25,CB,63.56,10658.93,112.08,1216.03,549.65,255.72,734.73,6.46,10.15,2.34,27.68
900012,Player_012,Demo Club Interior,Demo Club Interior v Demo Club Norte,2023-08-12,CB,74.61,8577.78,125.82,1472.1,429.48,130.6,670.32,8.11,8.63,2.71,27.81
900012,Player_012,Demo Club Interior,Demo Club Interior v Demo Club Mediterráneo,2023-09-07,CB,91.89,10784.98,99.42,1474.62,421.84,95.59,473.57,5.74,4.68,2.88,29.96
900012,Player_012,Demo Club Interior,Demo Club Interior v Demo Club Sur,2023-10-03,CB,99.17,9828.27,111.1,1507.69,654.89,145.94,741.02,6.72,11.41,0.77,27.67
900012,Player_012,Demo Club Interior,Demo Club Interior v Demo Club Sur,2023-10-29,CB,95.32,10483.48,114.4,1178.74,608.7,121.52,822.32,5.89,6.98,0.63,28.08
900012,Player_012,Demo Club Interior,Demo Club Interior v Demo Club Atlántico,2023-11-24,CB,69.16,10947.4,105.93,1062.69,549.04,106.34,322.44,9.07,5.76,2.65,29.81
900012,Player_012,Demo Club Interior,Demo Club Interior v Demo Club Atlántico,2023-12-20,CB,101.06,10615.3,128.36,996.25,504.84,202.44,623.5,3.37,7.18,1.77,27.89
900012,Player_012,Demo Club Interior,Demo Club Interior v Demo Club Sur,2024-01-15,CB,98.08,9621.77,115.1,1466.36,544.59,29.63,538.2,4.51,7.91,1.3,29.62
900012,Player_012,Demo Club Interior,Demo Club Interior v Demo Club Sur,2024-02-10,CB,82.32,9894.17,113.56,1578.86,591.61,170.16,439.35,5.2,5.67,2.41,29.41
900012,Player_012,Demo Club Interior,Demo Club Interior v Demo Club Atlántico,2024-03-07,CB,63.15,9196.61,103.89,980.56,397.14,181.07,573.54,3.29,7.46,1.87,29.91
900012,Player_012,Demo Club Interior,Demo Club Interior v Demo Club Sur,2024-04-02,CB,92.65,10791.12,120.97,1073.4,447.96,60.31,456.67,3.92,7.98,2.56,30.09
900012,Player_012,Demo Club Interior,Demo Club Interior v Demo Club Mediterráneo,2024-04-28,CB,66.95,10824.14,109.42,1358.25,496.56,230.02,811.52,5.28,5.15,2.43,27.82
900012,Player_012,Demo Club Interior,Demo Club Interior v Demo Club Atlántico,2024-05-25,CB,94.98,9676.44,107.45,1195.01,465.71,205.98,737.04,4.85,9.4,3.42,29.11
900013,Player_013,Demo Club Norte,Demo Club Norte v Demo Club Interior,2023-08-12,CB,102.75,10375.81,112.47,1273.64,677.37,127.08,445.91,8.84,7.79,2.81,29.66
900013,Player_013,Demo Club Norte,Demo Club Norte v Demo Club Mediterráneo,2023-09-16,CB,85.57,10002.21,109.06,1394.5,444.33,223.98,570.61,5.99,6.97,2.78,30.82
900013,Player_013,Demo Club Norte,Demo Club Norte v Demo Club Mediterráneo,2023-10-22,CB,98.39,9342.53,112.5,1239.8,454.64,213.12,529.09,5.93,6.89,3.26,31.12
900013,Player_013,Demo Club Norte,Demo Club Norte v Demo Club Capital,2023-11-27,CB,90.25,10348.06,125.21,1482.97,598.46,92.16,726.76,6.58,6.67,3.19,29.42
900013,Player_013,Demo Club Norte,Demo Club Norte v Demo Club Mediterráneo,2024-01-02,CB,89.35,9540.8,110.22,1109.92,558.28,214.05,594.08,4.33,4.42,3.12,30.41
900013,Player_013,Demo Club Norte,Demo Club Norte v Demo Club Sur,2024-02-07,CB,66.94,10753.9,115.39,1586.05,407.17,227.55,448.59,4.25,9.75,2.95,28.09
900013,Player_013,Demo Club Norte,Demo Club Norte v Demo Club Atlántico,2024-03-14,CB,68.56,9793.06,103.58,1287.62,446.88,161.14,755.08,8.03,7.01,2.71,29.92
900013,Player_013,Demo Club Norte,Demo Club Norte v Demo Club Interior,2024-04-19,CB,98.11,10668.92,112.3,1358.45,401.2,191.97,864.03,7.82,8.84,3.1,30.1
900013,Player_013,Demo Club Norte,Demo Club Norte v Demo Club Capital,2024-05-25,CB,87.91,10344.28,110.03,1104.24,409.1,267.24,658.25,4.12,9.74,2.49,29.09
900014,Player_014,Demo Club Capital,Demo Club Capital v Demo Club Interior,2023-08-12,FB,99.48,9376.66,116.93,1532.35,482.05,115.08,519.08,5.47,7.28,3.19,34.16
900014,Player_014,Demo Club Capital,Demo Club Capital v Demo Club Norte,2023-09-12,FB,102.75,9840.24,101.95,1321.06,549.53,214.65,758.2,4.54,6.33,4.11,34.97
900014,Player_014,Demo Club Capital,Demo Club Capital v Demo Club Sur,2023-10-14,FB,87.85,9021.85,114.58,1082.78,580.54,121.48,490.9,7.15,11.36,2.97,36.13
900014,Player_014,Demo Club Capital,Demo Club Capital v Demo Club Sur,2023-11-15,FB,61.39,10321.84,94.71,951.65,544.77,195.16,949.74,4.64,7.15,2.86,33.2
900014,Player_014,Demo Club Capital,Demo Club Capital v Demo Club Atlántico,2023-12-17,FB,69.53,11206.1,106.6,1052.34,622.21,95.13,687.84,5.92,4.34,3.29,34.55
900014,Player_014,Demo Club Capital,Demo Club Capital v Demo Club Interior,2024-01-18,FB,95.39,10105.67,116.98,1215.06,333.05,204.42,649.23,5.56,7.73,3.14,33.3
900014,Player_014,Demo Club Capital,Demo Club Capital v Demo Club Atlántico,2024-02-19,FB,65.99,8928.18,103.52,1186.58,432.05,123.16,647.98,7.8,7.22,3.02,34.13
900014,Player_014,Demo Club Capital,Demo Club Capital v Demo Club Atlántico,2024-03-22,FB,84.82,10473.34,105.39,1471.06,667.35,234.88,699.83,5.83,2.76,4.13,34.03
900014,Player_014,Demo Club Capital,Demo Club Capital v Demo Club Norte,2024-04-23,FB,94.01,10031.67,117.97,1178.4,635.99,186.2,707.47,6.95,7.09,2.94,32.72
900014,Player_014,Demo Club Capital,Demo Club Capital v Demo Club Mediterráneo,2024-05-25,FB,60.12,11856.08,104.82,1389.38,672.38,217.37,838.84,6.06,6.23,1.11,35.64
900015,Player_015,Demo Club Mediterráneo,Demo Club Mediterráneo v Demo Club Sur,2023-08-12,CMF,102.69,10081.45,114.99,960.65,314.26,59.3,570.34,5.97,8.18,2.3,29.11
900015,Player_015,Demo Club Mediterráneo,Demo Club Mediterráneo v Demo Club Capital,2023-09-28,CMF,77.15,9972.3,124.18,1255.93,398.18,115.06,378.47,1.61,9.58,2.0,27.99
900015,Player_015,Demo Club Mediterráneo,Demo Club Mediterráneo v Demo Club Interior,2023-11-15,CMF,97.73,10965.64,114.92,1079.85,538.03,119.84,569.4,5.82,7.4,2.43,29.18
900015,Player_015,Demo Club Mediterráneo,Demo Club Mediterráneo v Demo Club Capital,2024-01-02,CMF,98.9,9722.91,116.03,1434.41,344.05,207.79,507.5,9.61,9.38,2.37,31.6
900015,Player_015,Demo Club Mediterráneo,Demo Club Mediterráneo v Demo Club Norte,2024-02-19,CMF,72.32,11325.12,120.02,1327.93,478.68,190.2,670.32,6.62,11.14,2.34,30.6
900015,Player_015,Demo Club Mediterráneo,Demo Club Mediterráneo v Demo Club Sur,2024-04-07,CMF,84.14,10059.08,112.31,1033.76,538.26,142.17,539.01,4.64,7.46,3.63,25.98
900015,Player_015,Demo Club Mediterráneo,Demo Club Mediterráneo v Demo Club Norte,2024-05-25,CMF,88.51,9520.08,124.28,1140.96,400.35,147.95,671.72,6.85,5.66,3.71,29.82
900016,Player_016,Demo Club Atlántico,Demo Club Atlántico v Demo Club Interior,2023-08-12,CF,69.41,9399.67,107.29,1327.29,600.37,259.28,711.67,7.81,10.0,1.73,32.97
900016,Player_016,Demo Club Atlántico,Demo Club Atlántico v Demo Club Sur,2023-09-12,CF,60.43,10245.12,122.02,1396.72,557.71,168.02,903.63,7.69,8.35,2.77,34.21
900016,Player_016,Demo Club Atlántico,Demo Club Atlántico v Demo Club Sur,2023-10-14,CF,85.17,9685.16,107.38,1497.95,461.61,256.21,780.9,7.94,4.35,2.39,33.44
900016,Player_016,Demo Club Atlántico,Demo Club Atlántico v Demo Club Capital,2023-11-15,CF,104.93,9824.57,119.09,1030.98,641.49,263.85,761.71,3.92,6.41,2.17,34.17
900016,Player_016,Demo Club Atlántico,Demo Club Atlántico v Demo Club Sur,2023-12-17,CF,90.94,9770.25,110.96,968.72,545.66,218.94,643.94,5.66,6.71,0.82,33.79
900016,Player_016,Demo Club Atlántico,Demo Club Atlántico v Demo Club Mediterráneo,2024-01-18,CF,78.55,10271.03,120.62,1546.27,431.61,122.85,702.43,3.19,9.07,1.76,31.71
900016,Player_016,Demo Club Atlántico,Demo Club Atlántico v Demo Club Interior,2024-02-19,CF,70.29,11630.82,98.61,1322.56,532.09,241.2,840.03,7.83,8.49,2.83,36.03
900016,Player_016,Demo Club Atlántico,Demo Club Atlántico v Demo Club Sur,2024-03-22,CF,79.8,9845.37,112.07,1076.56,378.97,196.63,523.31,7.48,10.9,3.79,34.4
900016,Player_016,Demo Club Atlántico,Demo Club Atlántico v Demo Club Interior,2024-04-23,CF,99.26,11338.97,101.81,1334.55,663.45,182.42,718.71,5.82,6.72,3.38,32.71
900016,Player_016,Demo Club Atlántico,Demo Club Atlántico v Demo Club Mediterráneo,2024-05-25,CF,68.01,10457.17,102.68,1116.75,538.5,246.74,837.54,7.31,7.44,3.28,33.91
900017,Player_017,Demo Club Sur,Demo Club Sur v Demo Club Interior,2023-08-12,FB,103.37,10626.6,108.66,1225.53,561.79,175.43,764.9,5.24,7.92,2.31,35.46
900017,Player_017,Demo Club Sur,Demo Club Sur v Demo Club Mediterráneo,2023-09-28,FB,79.58,9715.78,113.66,1423.58,395.95,188.08,748.73,7.49,8.98,2.33,33.63
900017,Player_017,Demo Club Sur,Demo Club Sur v Demo Club Norte,2023-11-15,FB,95.09,10368.67,103.42,910.52,422.23,115.76,798.16,6.44,8.41,2.86,33.25
900017,Player_017,Demo Club Sur,Demo Club Sur v Demo Club Norte,2024-01-02,FB,83.95,10455.35,101.78,1408.25,458.25,150.05,733.99,5.85,7.26,2.43,34.92
900017,Player_017,Demo Club Sur,Demo Club Sur v Demo Club Capital,2024-02-19,FB,99.68,9706.18,90.91,1187.85,727.23,127.22,837.14,4.82,7.74,4.12,33.78
900017,Player_017,Demo Club Sur,Demo Club Sur v Demo Club Mediterráneo,2024-04-07,FB,72.68,9912.04,122.98,1168.13,467.61,143.52,816.66,6.77,4.99,1.91,32.15
900017,Player_017,Demo Club Sur,Demo Club Sur v Demo Club Norte,2024-05-25,FB,100.36,9273.71,113.68,933.89,487.57,65.99,841.39,4.42,10.12,3.55,35.65
900018,Player_018,Demo Club Interior,Demo Club Interior v Demo Club Capital,2023-08-12,CMF,71.22,10360.02,119.38,1180.23,384.54,199.77,705.61,7.01,7.91,2.43,30.46
900018,Player_018,Demo Club Interior,Demo Club Interior v Demo Club Capital,2023-09-28,CMF,89.54,9961.59,119.5,1210.74,518.0,181.0,843.9,5.76,8.75,1.9,29.08
900018,Player_018,Demo Club Interior,Demo Club Interior v Demo Club Norte,2023-11-15,CMF,76.99,10124.42,107.4,1430.32,540.61,39.7,662.85,3.68,8.42,1.65,26.22
900018,Player_018,Demo Club Interior,Demo Club Interior v Demo Club Norte,2024-01-02,CMF,91.24,10466.63,110.28,1368.72,495.22,127.54,680.59,5.56,5.22,2.59,31.15
900018,Player_018,Demo Club Interior,Demo Club Interior v Demo Club Capital,2024-02-19,CMF,83.19,9201.19,113.46,1131.26,591.98,225.44,669.97,5.68,5.88,2.96,28.18
900018,Player_018,Demo Club Interior,Demo Club Interior v Demo Club Atlántico,2024-04-07,CMF,86.99,11098.54,100.4,1240.95,458.36,113.65,497.78,6.75,4.62,2.7,30.2
900018,Player_018,Demo Club Interior,Demo Club Interior v Demo Club Norte,2024-05-25,CMF,76.31,10180.77,122.94,1122.17,365.85,233.47,715.66,3.55,7.85,2.32,28.66
900019,Player_019,Demo Club Norte,Demo Club Norte v Demo Club Mediterráneo,2023-08-12,WF,99.63,10383.84,111.69,1252.36,542.54,287.29,553.2,4.52,9.3,3.64,32.62
900019,Player_019,Demo Club Norte,Demo Club Norte v Demo Club Sur,2023-09-16,WF,70.58,9982.16,112.92,1297.44,570.45,264.3,749.76,6.93,4.41,3.53,34.03
900019,Player_019,Demo Club Norte,Demo Club Norte v Demo Club Mediterráneo,2023-10-22,WF,91.49,9719.16,119.44,1449.56,593.24,157.68,620.04,7.72,9.82,2.62,33.83
900019,Player_019,Demo Club Norte,Demo Club Norte v Demo Club Atlántico,2023-11-27,WF,62.22,8855.26,113.99,1853.44,532.36,165.82,909.47,8.46,6.78,1.43,32.4
900019,Player_019,Demo Club Norte,Demo Club Norte v Demo Club Interior,2024-01-02,WF,96.1,10496.17,102.54,1298.05,564.87,182.06,649.6,6.8,9.7,4.18,33.39
900019,Player_019,Demo Club Norte,Demo Club Norte v Demo Club Interior,2024-02-07,WF,75.68,9852.34,108.7,1141.15,603.46,234.04,736.22,6.3,6.45,3.84,31.97
900019,Player_019,Demo Club Norte,Demo Club Norte v Demo Club Atlántico,2024-03-14,WF,66.9,8854.89,122.78,1435.28,586.78,144.73,534.83,6.93,8.61,2.88,34.51
900019,Player_019,Demo Club Norte,Demo Club Norte v Demo Club Interior,2024-04-19,WF,76.4,9367.04,103.39,1138.4,377.04,157.86,735.62,8.12,7.82,1.58,35.15
900019,Player_019,Demo Club Norte,Demo Club Norte v Demo Club Mediterráneo,2024-05-25,WF,69.54,9591.28,123.09,1366.64,536.54,184.07,774.58,6.81,8.91,3.86,33.5
900020,Player_020,Demo Club Capital,Demo Club Capital v Demo Club Atlántico,2023-08-12,FB,62.59,10448.62,103.04,1503.68,513.6,184.86,730.96,7.49,7.32,3.39,35.36
900020,Player_020,Demo Club Capital,Demo Club Capital v Demo Club Sur,2023-09-07,FB,100.89,9303.16,111.0,1596.54,640.13,138.7,438.6,7.62,7.22,2.81,34.43
900020,Player_020,Demo Club Capital,Demo Club Capital v Demo Club Interior,2023-10-03,FB,96.48,10713.5,107.03,939.17,440.28,156.2,615.44,7.02,6.17,2.82,35.81
900020,Player_020,Demo Club Capital,Demo Club Capital v Demo Club Mediterráneo,2023-10-29,FB,66.59,10015.35,109.93,1219.65,595.95,77.39,759.77,6.86,4.22,3.8,35.0
900020,Player_020,Demo Club Capital,Demo Club Capital v Demo Club Sur,2023-11-24,FB,86.17,11260.06,104.27,1068.94,619.32,-11.27,635.47,6.87,8.94,3.8,36.53
900020,Player_020,Demo Club Capital,Demo Club Capital v Demo Club Norte,2023-12-20,FB,83.41,8282.93,121.76,1187.68,424.84,262.42,609.72,7.92,6.73,2.87,34.79
900020,Player_020,Demo Club Capital,Demo Club Capital v Demo Club Mediterráneo,2024-01-15,FB,60.45,9406.73,109.58,1127.52,632.67,157.9,848.53,7.3,7.08,3.15,34.84
900020,Player_020,Demo Club Capital,Demo Club Capital v Demo Club Mediterráneo,2024-02-10,FB,91.94,9986.22,106.61,1152.83,848.93,52.2,819.58,6.1,7.53,3.04,34.41
900020,Player_020,Demo Club Capital,Demo Club Capital v Demo Club Norte,2024-03-07,FB,71.33,9655.11,114.21,964.16,628.98,185.1,921.53,7.68,6.51,4.41,31.87
900020,Player_020,Demo Club Capital,Demo Club Capital v Demo Club Norte,2024-04-02,FB,100.38,10867.11,113.13,913.65,495.19,124.85,713.98,8.11,6.63,2.02,32.67
900020,Player_020,Demo Club Capital,Demo Club Capital v Demo Club Atlántico,2024-04-28,FB,74.35,10468.59,106.52,1169.78,581.39,209.86,965.3,7.02,6.41,3.81,32.56
900020,Player_020,Demo Club Capital,Demo Club Capital v Demo Club Sur,2024-05-25,FB,75.0,10058.22,104.42,1145.53,530.82,161.51,714.7,7.33,7.33,5.43,34.87
900021,Player_021,Demo Club Mediterráneo,Demo Club Mediterráneo v Demo Club Sur,2023-08-12,CB,68.18,9905.97,102.2,1220.96,418.7,178.84,725.97,6.46,8.36,1.78,28.15
900021,Player_021,Demo Club Mediterráneo,Demo Club Mediterráneo v Demo Club Capital,2023-09-07,CB,93.57,10544.92,104.43,990.06,459.24,217.14,608.25,5.47,7.76,3.66,29.92
900021,Player_021,Demo Club Mediterráneo,Demo Club Mediterráneo v Demo Club Capital,2023-10-03,CB,82.07,10344.47,102.27,1108.59,480.81,225.56,604.79,4.51,9.66,2.84,30.73
900021,Player_021,Demo Club Mediterráneo,Demo Club Mediterráneo v Demo Club Sur,2023-10-29,CB,62.02,8629.16,110.24,1196.59,595.81,209.39,628.75,4.57,9.51,1.61,27.7
900021,Player_021,Demo Club Mediterráneo,Demo Club Mediterráneo v Demo Club Sur,2023-11-24,CB,86.6,11162.61,121.69,1760.15,379.73,269.57,770.05,5.16,4.95,2.85,31.02
900021,Player_021,Demo Club Mediterráneo,Demo Club Mediterráneo v Demo Club Atlántico,2023-12-20,CB,64.32,10449.54,107.71,1065.49,421.97,142.07,763.81,3.95,6.67,3.26,31.43
900021,Player_021,Demo Club Mediterráneo,Demo Club Mediterráneo v Demo Club Interior,2024-01-15,CB,92.76,10018.57,98.03,955.08,266.5,262.12,546.54,5.38,8.26,2.93,32.05
900021,Player_021,Demo Club Mediterráneo,Demo Club Mediterráneo v Demo Club Capital,2024-02-10,CB,92.37,10134.45,119.69,1305.66,410.42,148.16,748.05,5.32,7.01,3.09,30.03
900021,Player_021,Demo Club Mediterráneo,Demo Club Mediterráneo v Demo Club Norte,2024-03-07,CB,93.19,10476.73,103.81,1393.34,178.07,62.86,608.16,6.44,10.03,3.24,31.82
900021,Player_021,Demo Club Mediterráneo,Demo Club Mediterráneo v Demo Club Interior,2024-04-02,CB,92.26,9860.75,98.23,1237.15,489.68,162.78,685.13,5.36,4.68,3.78,27.95
900021,Player_021,Demo Club Mediterráneo,Demo Club Mediterráneo v Demo Club Sur,2024-04-28,CB,84.31,9563.37,105.07,1080.68,621.79,206.37,677.98,5.79,6.95,2.64,28.68
900021,Player_021,Demo Club Mediterráneo,Demo Club Mediterráneo v Demo Club Atlántico,2024-05-25,CB,102.55,10134.11,123.44,936.6,545.55,157.21,726.57,4.88,7.75,1.37,29.89
900022,Player_022,Demo Club Atlántico,Demo Club Atlántico v Demo Club Norte,2023-08-12,FB,100.28,11496.78,108.5,1049.04,577.09,154.3,625.2,3.41,6.81,3.21,33.93
900022,Player_022,Demo Club Atlántico,Demo Club Atlántico v Demo Club Sur,2023-09-16,FB,91.27,10064.54,111.19,1113.49,519.62,121.62,752.15,4.65,8.52,3.6,33.0
900022,Player_022,Demo Club Atlántico,Demo Club Atlántico v Demo Club Mediterráneo,2023-10-22,FB,77.77,10231.07,102.16,1455.05,583.08,240.98,653.97,6.35,8.2,3.03,33.92
900022,Player_022,Demo Club Atlántico,Demo Club Atlántico v Demo Club Capital,2023-11-27,FB,62.65,11415.82,101.15,1239.21,571.23,161.31,677.66,9.57,11.22,4.01,32.5
900022,Player_022,Demo Club Atlántico,Demo Club Atlántico v Demo Club Interior,2024-01-02,FB,85.05,9955.4,112.68,1072.95,532.87,181.03,639.21,6.62,8.01,2.96,32.85
900022,Player_022,Demo Club Atlántico,Demo Club Atlántico v Demo Club Interior,2024-02-07,FB,68.58,10127.47,106.24,1252.77,576.24,322.55,854.07,8.1,7.21,3.08,34.15
900022,Player_022,Demo Club Atlántico,Demo Club Atlántico v Demo Club Sur,2024-03-14,FB,62.08,9497.77,101.98,1287.15,530.05,187.51,632.09,4.47,7.87,3.28,32.56
900022,Player_022,Demo Club Atlántico,Demo Club Atlántico v Demo Club Mediterráneo,2024-04-19,FB,88.64,10089.4,114.27,876.27,352.67,130.12,560.03,4.76,6.3,3.01,35.8
900022,Player_022,Demo Club Atlántico,Demo Club Atlántico v Demo Club Interior,2024-05-25,FB,98.22,10920.92,106.04,1224.93,482.59,134.54,718.77,7.23,10.01,3.99,33.61
900023,Player_023,Demo Club Sur,Demo Club Sur v Demo Club Capital,2023-08-12,AMF,84.15,9821.83,105.43,1413.84,483.9,276.08,682.44,3.48,8.28,3.05,28.0
900023,Player_023,Demo Club Sur,Demo Club Sur v Demo Club Norte,2023-09-12,AMF,104.76,10688.73,109.72,1273.7,358.07,147.94,606.56,8.95,7.18,2.19,29.83
900023,Player_023,Demo Club Sur,Demo Club Sur v Demo Club Interior,2023-10-14,AMF,100.32,10200.5,110.99,1045.32,342.81,62.77,530.13,4.3,8.26,1.84,29.81
900023,Player_023,Demo Club Sur,Demo Club Sur v Demo Club Norte,2023-11-15,AMF,101.34,9916.26,95.91,1525.81,503.72,124.9,607.76,5.49,7.29,3.07,29.19
900023,Player_023,Demo Club Sur,Demo Club Sur v Demo Club Norte,2023-12-17,AMF,86.8,9392.93,108.55,1226.74,401.12,144.27,596.31,4.37,11.04,2.88,31.21
900023,Player_023,Demo Club Sur,Demo Club Sur v Demo Club Norte,2024-01-18,AMF,77.4,9751.66,115.28,1318.96,486.51,304.26,612.25,5.29,6.52,1.98,29.33
900023,Player_023,Demo Club Sur,Demo Club Sur v Demo Club Interior,2024-02-19,AMF,72.26,10321.55,109.05,967.5,273.44,167.63,664.05,6.39,5.38,2.29,30.59
900023,Player_023,Demo Club Sur,Demo Club Sur v Demo Club Capital,2024-03-22,AMF,64.23,10692.0,102.94,1253.96,567.23,192.97,768.93,7.87,9.02,1.94,28.78
900023,Player_023,Demo Club Sur,Demo Club Sur v Demo Club Atlántico,2024-04-23,AMF,66.37,10774.8,111.64,1498.32,640.8,259.14,612.18,4.06,7.68,2.51,28.81
900023,Player_023,Demo Club Sur,Demo Club Sur v Demo Club Capital,2024-05-25,AMF,75.05,10011.16,113.39,1681.4,555.36,110.56,429.46,3.87,6.24,2.63,30.95
900024,Player_024,Demo Club Interior,Demo Club Interior v Demo Club Atlántico,2023-08-12,FB,102.36,9848.74,109.93,1553.69,651.11,172.57,683.81,5.22,7.74,3.75,34.83
900024,Player_024,Demo Club Interior,Demo Club Interior v Demo Club Capital,2023-09-12,FB,95.72,11354.94,116.2,1456.86,460.74,122.16,846.28,5.61,5.29,1.53,32.15
900024,Player_024,Demo Club Interior,Demo Club Interior v Demo Club Capital,2023-10-14,FB,96.02,10780.78,107.1,896.44,729.74,176.05,854.65,6.85,11.36,2.22,34.28
900024,Player_024,Demo Club Interior,Demo Club Interior v Demo Club Norte,2023-11-15,FB,64.83,10042.15,115.6,903.85,568.92,126.82,804.06,6.59,7.27,3.57,33.59
900024,Player_024,Demo Club Interior,Demo Club Interior v Demo Club Mediterráneo,2023-12-17,FB,60.48,9430.77,109.65,971.12,557.1,125.57,842.61,8.63,6.5,2.26,35.43
900024,Player_024,Demo Club Interior,Demo Club Interior v Demo Club Capital,2024-01-18,FB,85.27,9732.19,122.64,1064.67,450.65,232.74,818.72,5.89,9.44,2.39,34.65
900024,Player_024,Demo Club Interior,Demo Club Interior v Demo Club Atlántico,2024-02-19,FB,91.87,10090.42,104.45,1274.07,483.11,89.0,671.01,6.62,10.55,4.38,34.34
900024,Player_024,Demo Club Interior,Demo Club Interior v Demo Club Atlántico,2024-03-22,FB,93.32,10993.17,106.13,1505.43,633.42,220.17,640.4,8.0,7.36,3.54,34.32
900024,Player_024,Demo Club Interior,Demo Club Interior v Demo Club Atlántico,2024-04-23,FB,96.71,9213.33,104.04,960.33,733.81,126.46,643.29,9.09,9.2,2.95,34.16
900024,Player_024,Demo Club Interior,Demo Club Interior v Demo Club Sur,2024-05-25,FB,90.67,9418.29,97.1,1251.99,717.21,212.69,827.09,3.6,8.34,2.4,33.8
900025,Player_025,Demo Club Norte,Demo Club Norte v Demo Club Atlántico,2023-08-12,CF,75.62,9858.89,123.71,1488.33,564.91,207.83,616.16,9.26,7.36,3.81,33.07
900025,Player_025,Demo Club Norte,Demo Club Norte v Demo Club Interior,2023-09-16,CF,80.88,10274.16,108.63,1151.12,575.55,234.62,605.72,5.43,4.49,2.89,34.24
900025,Player_025,Demo Club Norte,Demo Club Norte v Demo Club Mediterráneo,2023-10-22,CF,84.63,10794.95,100.74,1371.84,604.25,120.79,756.74,5.98,8.08,1.77,33.79
900025,Player_025,Demo Club Norte,Demo Club Norte v Demo Club Mediterráneo,2023-11-27,CF,82.4,9834.84,110.1,1516.35,629.08,125.83,755.47,7.91,9.82,3.62,36.18
900025,Player_025,Demo Club Norte,Demo Club Norte v Demo Club Sur,2024-01-02,CF,75.88,9254.54,114.03,1563.57,362.69,203.16,857.26,7.75,8.31,3.49,32.9
900025,Player_025,Demo Club Norte,Demo Club Norte v Demo Club Capital,2024-02-07,CF,77.3,11097.36,102.71,1631.41,576.86,299.26,605.33,8.56,6.48,2.12,33.44
900025,Player_025,Demo Club Norte,Demo Club Norte v Demo Club Sur,2024-03-14,CF,69.42,8177.17,107.94,1237.45,500.56,192.52,655.59,7.4,7.49,3.66,34.31
900025,Player_025,Demo Club Norte,Demo Club Norte v Demo Club Sur,2024-04-19,CF,81.68,9068.22,127.98,1612.43,573.7,158.93,668.11,9.28,5.07,1.94,33.49
900025,Player_025,Demo Club Norte,Demo Club Norte v Demo Club Mediterráneo,2024-05-25,CF,102.4,10885.53,114.35,1394.94,417.62,214.26,702.07,4.81,6.42,3.3,34.39
900026,Player_026,Demo Club Capital,Demo Club Capital v Demo Club Sur,2023-08-12,CB,88.7,9289.19,117.27,1021.32,434.98,129.36,515.45,4.16,10.64,2.01,29.34
900026,Player_026,Demo Club Capital,Demo Club Capital v Demo Club Mediterráneo,2023-09-22,CB,90.31,9302.1,116.91,1557.54,305.73,112.97,711.08,5.45,8.2,2.45,31.69
900026,Player_026,Demo Club Capital,Demo Club Capital v Demo Club Sur,2023-11-02,CB,68.66,10835.36,112.89,1505.18,386.17,147.8,561.32,6.72,2.58,2.86,27.9
900026,Player_026,Demo Club Capital,Demo Club Capital v Demo Club Atlántico,2023-12-13,CB,102.35,10591.81,109.47,969.09,597.08,213.07,583.36,7.09,3.7,1.02,30.74
900026,Player_026,Demo Club Capital,Demo Club Capital v Demo Club Interior,2024-01-23,CB,82.35,10866.68,93.25,1297.36,230.35,166.1,745.24,4.55,7.55,1.3,29.02
900026,Player_026,Demo Club Capital,Demo Club Capital v Demo Club Atlántico,2024-03-04,CB,69.1,10172.69,107.84,1306.15,529.78,130.6,745.63,4.65,8.53,2.17,29.08
900026,Player_026,Demo Club Capital,Demo Club Capital v Demo Club Norte,2024-04-14,CB,88.68,8588.3,110.12,1423.86,592.54,124.41,519.55,5.84,8.58,0.44,26.72
900026,Player_026,Demo Club Capital,Demo Club Capital v Demo Club Atlántico,2024-05-25,CB,69.71,8914.09,118.91,1108.5,467.71,184.59,556.35,4.47,8.7,2.1,31.17
900027,Player_027,Demo Club Mediterráneo,Demo Club Mediterráneo v Demo Club Sur,2023-08-12,CF,88.77,10090.04,98.63,1276.2,540.04,186.78,551.67,5.4,8.63,3.09,34.49
900027,Player_027,Demo Club Mediterráneo,Demo Club Mediterráneo v Demo Club Capital,2023-09-12,CF,89.0,10202.15,116.71,1018.62,623.02,222.69,680.75,6.15,8.0,2.05,33.11
900027,Player_027,Demo Club Mediterráneo,Demo Club Mediterráneo v Demo Club Capital,2023-10-14,CF,104.97,10493.71,122.06,1158.89,450.84,326.96,818.25,7.85,8.09,2.51,35.51
900027,Player_027,Demo Club Mediterráneo,Demo Club Mediterráneo v Demo Club Atlántico,2023-11-15,CF,62.85,10184.12,114.51,1320.51,608.23,225.14,549.5,7.05,8.98,3.39,32.8
900027,Player_027,Demo Club Mediterráneo,Demo Club Mediterráneo v Demo Club Atlántico,2023-12-17,CF,71.97,11132.41,105.04,1382.0,526.02,214.68,705.09,7.31,9.29,3.11,36.5
900027,Player_027,Demo Club Mediterráneo,Demo Club Mediterráneo v Demo Club Atlántico,2024-01-18,CF,75.33,10067.03,121.07,1178.83,638.26,129.66,895.61,8.25,8.49,2.63,34.33
900027,Player_027,Demo Club Mediterráneo,Demo Club Mediterráneo v Demo Club Atlántico,2024-02-19,CF,68.14,9906.95,107.87,1294.89,640.63,228.19,715.93,6.74,11.07,4.7,34.9
900027,Player_027,Demo Club Mediterráneo,Demo Club Mediterráneo v Demo Club Interior,2024-03-22,CF,91.05,11162.13,117.18,1235.51,553.08,243.33,854.1,5.59,6.15,3.75,33.72
900027,Player_027,Demo Club Mediterráneo,Demo Club Mediterráneo v Demo Club Atlántico,2024-04-23,CF,78.98,9636.1,110.56,1343.28,486.92,244.04,499.18,6.25,5.55,3.24,34.76
900027,Player_027,Demo Club Mediterráneo,Demo Club Mediterráneo v Demo Club Capital,2024-05-25,CF,103.46,10373.53,121.69,851.76,556.88,252.84,839.04,6.61,7.53,3.39,36.37
900028,Player_028,Demo Club Atlántico,Demo Club Atlántico v Demo Club Norte,2023-08-12,CB,72.33,9597.04,113.75,1596.8,448.53,114.65,652.41,5.7,5.96,1.26,31.24
900028,Player_028,Demo Club Atlántico,Demo Club Atlántico v Demo Club Norte,2023-09-28,CB,84.77,10661.52,104.61,993.57,574.05,249.31,641.83,4.44,7.57,2.14,29.46
900028,Player_028,Demo Club Atlántico,Demo Club Atlántico v Demo Club Norte,2023-11-15,CB,68.78,11478.74,94.58,1062.11,537.66,224.22,680.31,7.91,5.49,1.23,28.37
900028,Player_028,Demo Club Atlántico,Demo Club Atlántico v Demo Club Interior,2024-01-02,CB,97.99,10137.54,100.53,1001.1,391.59,156.83,559.81,6.72,8.24,2.94,28.85
900028,Player_028,Demo Club Atlántico,Demo Club Atlántico v Demo Club Norte,2024-02-19,CB,91.3,9177.93,109.33,1224.43,368.44,258.04,656.53,7.41,6.41,2.6,26.2
900028,Player_028,Demo Club Atlántico,Demo Club Atlántico v Demo Club Mediterráneo,2024-04-07,CB,92.64,9801.03,106.76,1254.87,372.54,138.65,581.14,6.17,4.84,1.92,29.17
900028,Player_028,Demo Club Atlántico,Demo Club Atlántico v Demo Club Interior,2024-05-25,CB,84.93,11076.8,115.94,1167.94,383.7,148.05,760.58,8.45,9.74,2.99,30.43
900029,Player_029,Demo Club Sur,Demo Club Sur v Demo Club Atlántico,2023-08-12,CF,67.98,8770.45,111.24,1125.25,596.0,135.09,793.67,7.37,7.29,3.22,31.06
900029,Player_029,Demo Club Sur,Demo Club Sur v Demo Club Mediterráneo,2023-09-12,CF,69.09,10666.26,103.68,959.88,675.53,261.42,587.57,5.08,6.89,3.27,33.89
900029,Player_029,Demo Club Sur,Demo Club Sur v Demo Club Capital,2023-10-14,CF,101.48,9823.87,108.2,1405.49,621.8,323.8,468.93,7.44,4.0,2.19,35.86
900029,Player_029,Demo Club Sur,Demo Club Sur v Demo Club Atlántico,2023-11-15,CF,62.33,10219.5,97.59,1509.84,607.08,149.99,706.12,3.97,8.44,2.49,35.33
900029,Player_029,Demo Club Sur,Demo Club Sur v Demo Club Mediterráneo,2023-12-17,CF,83.56,11096.34,116.16,1138.06,563.03,238.79,554.55,6.16,6.43,2.99,34.21
900029,Player_029,Demo Club Sur,Demo Club Sur v Demo Club Interior,2024-01-18,CF,89.89,10630.11,107.8,779.8,681.46,125.7,674.92,6.74,5.71,2.26,33.65
900029,Player_029,Demo Club Sur,Demo Club Sur v Demo Club Atlántico,2024-02-19,CF,100.26,9628.97,116.9,1395.0,571.5,116.82,758.05,5.82,7.59,3.71,34.02
900029,Player_029,Demo Club Sur,Demo Club Sur v Demo Club Atlántico,2024-03-22,CF,60.83,10262.64,117.44,1517.84,551.28,207.45,622.85,9.07,7.98,3.72,32.47
900029,Player_029,Demo Club Sur,Demo Club Sur v Demo Club Mediterráneo,2024-04-23,CF,72.37,9744.35,102.83,1145.15,652.48,257.34,633.85,6.15,10.36,2.95,34.99
900029,Player_029,Demo Club Sur,Demo Club Sur v Demo Club Atlántico,2024-05-25,CF,60.49,10746.42,104.71,1485.69,430.94,102.94,696.57,8.55,7.49,2.14,32.4
900030,Player_030,Demo Club Interior,Demo Club Interior v Demo Club Atlántico,2023-08-12,CB,96.91,10468.21,100.57,1789.08,463.08,138.87,746.99,7.46,7.6,1.36,27.61
900030,Player_030,Demo Club Interior,Demo Club Interior v Demo Club Norte,2023-09-07,CB,78.68,9057.39,124.59,1012.01,467.31,168.51,590.67,5.89,7.6,1.64,31.07
900030,Player_030,Demo Club Interior,Demo Club Interior v Demo Club Norte,2023-10-03,CB,75.09,12081.66,107.72,1168.31,466.41,236.3,584.28,4.71,7.63,2.3,27.93
900030,Player_030,Demo Club Interior,Demo Club Interior v Demo Club Capital,2023-10-29,CB,89.78,9931.18,111.57,1244.35,359.4,230.38,751.79,6.23,7.46,1.97,29.67
900030,Player_030,Demo Club Interior,Demo Club Interior v Demo Club Sur,2023-11-24,CB,93.01,10294.92,118.91,796.45,419.6,158.74,649.12,3.6,3.69,2.78,27.89
900030,Player_030,Demo Club Interior,Demo Club Interior v Demo Club Sur,2023-12-20,CB,96.14,9627.1,113.98,1305.27,351.43,135.93,423.11,6.49,7.75,2.11,30.33
900030,Player_030,Demo Club Interior,Demo Club Interior v Demo Club Atlántico,2024-01-15,CB,95.22,9287.25,100.29,1136.72,462.57,191.29,753.31,3.4,10.78,3.19,30.29
900030,Player_030,Demo Club Interior,Demo Club Interior v Demo Club Capital,2024-02-10,CB,100.02,8800.45,116.66,708.71,487.08,169.23,667.01,7.22,6.41,0.48,29.78
900030,Player_030,Demo Club Interior,Demo Club Interior v Demo Club Atlántico,2024-03-07,CB,80.41,11224.08,114.87,1089.04,352.68,125.68,566.33,3.31,5.2,3.9,28.89
900030,Player_030,Demo Club Interior,Demo Club Interior v Demo Club Atlántico,2024-04-02,CB,90.0,11234.62,103.7,1173.66,541.41,166.62,720.98,8.99,8.37,3.27,28.01
900030,Player_030,Demo Club Interior,Demo Club Interior v Demo Club Mediterráneo,2024-04-28,CB,84.2,9959.79,116.35,1184.85,446.0,68.7,599.12,7.83,8.03,1.27,28.25
900030,Player_030,Demo Club Interior,Demo Club Interior v Demo Club Mediterráneo,2024-05-25,CB,77.46,9822.22,110.81,1193.1,280.3,123.12,621.93,6.94,8.01,1.71,28.11
900031,Player_031,Demo Club Norte,Demo Club Norte v Demo Club Interior,2023-08-12,DMF,94.82,8668.53,106.57,1395.86,259.5,280.25,872.19,8.45,6.33,2.0,31.44
900031,Player_031,Demo Club Norte,Demo Club Norte v Demo Club Interior,2023-09-22,DMF,99.01,10903.3,99.67,1389.24,375.86,153.86,778.92,6.38,9.36,2.44,28.84
900031,Player_031,Demo Club Norte,Demo Club Norte v Demo Club Atlántico,2023-11-02,DMF,90.72,10004.97,116.41,1015.98,496.5,120.77,732.01,6.81,8.2,2.01,30.83
900031,Player_031,Demo Club Norte,Demo Club Norte v Demo Club Atlántico,2023-12-13,DMF,73.59,10855.74,98.95,1017.82,482.31,167.43,777.79,7.26,7.35,1.76,31.99
900031,Player_031,Demo Club Norte,Demo Club Norte v Demo Club Capital,2024-01-23,DMF,82.63,9184.33,114.15,1085.33,607.74,276.38,523.53,7.08,4.71,3.69,33.09
900031,Player_031,Demo Club Norte,Demo Club Norte v Demo Club Mediterráneo,2024-03-04,DMF,70.06,9925.74,109.13,1726.64,204.56,111.72,620.63,5.91,5.94,2.32,29.72
900031,Player_031,Demo Club Norte,Demo Club Norte v Demo Club Atlántico,2024-04-14,DMF,85.02,8959.67,99.3,1509.12,402.7,89.88,463.39,6.56,8.75,1.23,28.88
900031,Player_031,Demo Club Norte,Demo Club Norte v Demo Club Atlántico,2024-05-25,DMF,66.17,10401.51,108.03,1103.7,478.7,87.7,605.08,5.43,10.12,2.17,30.0
900032,Player_032,Demo Club Capital,Demo Club Capital v Demo Club Atlántico,2023-08-12,CF,62.57,10752.38,95.76,1067.24,692.59,205.52,602.05,8.34,8.65,3.04,32.4
900032,Player_032,Demo Club Capital,Demo Club Capital v Demo Club Sur,2023-09-16,CF,86.29,10295.95,117.17,1153.15,654.59,183.8,600.62,9.26,7.86,4.13,32.55
900032,Player_032,Demo Club Capital,Demo Club Capital v Demo Club Atlántico,2023-10-22,CF,93.09,10610.55,109.47,866.25,534.63,291.51,705.93,5.26,8.87,1.09,33.31
900032,Player_032,Demo Club Capital,Demo Club Capital v Demo Club Norte,2023-11-27,CF,89.64,9430.56,113.11,980.57,528.51,115.26,603.63,6.75,5.68,2.07,34.32
900032,Player_032,Demo Club Capital,Demo Club Capital v Demo Club Atlántico,2024-01-02,CF,61.15,10463.73,104.51,1307.74,487.34,154.22,669.55,6.95,7.48,1.19,31.83
900032,Player_032,Demo Club Capital,Demo Club Capital v Demo Club Mediterráneo,2024-02-07,CF,102.01,10153.16,110.45,1129.14,489.51,217.5,583.56,6.68,4.99,1.89,32.99
900032,Player_032,Demo Club Capital,Demo Club Capital v Demo Club Sur,2024-03-14,CF,83.47,9748.19,87.61,1255.6,481.86,246.16,568.0,7.93,5.51,2.72,34.21
900032,Player_032,Demo Club Capital,Demo Club Capital v Demo Club Sur,2024-04-19,CF,87.38,9534.62,110.42,1144.36,668.98,107.72,650.91,7.53,8.2,3.52,35.63
900032,Player_032,Demo Club Capital,Demo Club Capital v Demo Club Atlántico,2024-05-25,CF,81.6,10032.49,123.43,1206.2,497.63,217.33,534.95,5.9,8.69,2.24,34.26
900033,Player_033,Demo Club Mediterráneo,Demo Club Mediterráneo v Demo Club Atlántico,2023-08-12,WF,76.33,9661.21,101.6,952.66,488.27,308.75,663.76,6.76,8.93,3.52,33.61
900033,Player_033,Demo Club Mediterráneo,Demo Club Mediterráneo v Demo Club Norte,2023-09-12,WF,78.92,9835.45,106.61,1064.49,523.23,99.34,879.22,6.78,6.8,2.23,31.95
900033,Player_033,Demo Club Mediterráneo,Demo Club Mediterráneo v Demo Club Atlántico,2023-10-14,WF,67.88,10748.56,100.81,1283.03,531.3,179.09,727.78,8.58,7.68,1.7,35.22
900033,Player_033,Demo Club Mediterráneo,Demo Club Mediterráneo v Demo Club Sur,2023-11-15,WF,71.54,9463.03,109.81,1072.2,604.44,129.09,604.52,7.18,7.92,3.53,32.83
900033,Player_033,Demo Club Mediterráneo,Demo Club Mediterráneo v Demo Club Atlántico,2023-12-17,WF,86.27,9091.49,104.25,781.85,514.51,221.42,541.03,9.57,8.5,3.15,34.22
900033,Player_033,Demo Club Mediterráneo,Demo Club Mediterráneo v Demo Club Interior,2024-01-18,WF,82.5,10561.11,118.9,1957.52,589.66,303.46,833.52,5.44,6.72,2.48,33.88
900033,Player_033,Demo Club Mediterráneo,Demo Club Mediterráneo v Demo Club Atlántico,2024-02-19,WF,84.52,11093.32,102.05,713.31,650.31,267.8,656.77,6.33,8.22,4.13,34.05
900033,Player_033,Demo Club Mediterráneo,Demo Club Mediterráneo v Demo Club Interior,2024-03-22,WF,60.82,9519.16,104.0,963.77,421.11,324.4,696.76,8.47,6.83,1.8,33.25
900033,Player_033,Demo Club Mediterráneo,Demo Club Mediterráneo v Demo Club Norte,2024-04-23,WF,80.79,9772.15,104.1,1207.07,611.71,149.06,822.72,7.42,6.99,2.93,32.81
900033,Player_033,Demo Club Mediterráneo,Demo Club Mediterráneo v Demo Club Sur,2024-05-25,WF,81.77,9557.41,118.41,1070.05,338.97,269.75,912.05,8.39,4.85,3.52,32.91
900034,Player_034,Demo Club Atlántico,Demo Club Atlántico v Demo Club Capital,2023-08-12,WF,70.1,9982.48,108.86,1428.64,574.78,242.12,862.07,7.36,6.28,2.32,34.37
900034,Player_034,Demo Club Atlántico,Demo Club Atlántico v Demo Club Sur,2023-09-22,WF,65.3,9129.36,106.43,1234.23,603.39,242.27,838.23,3.46,9.82,3.21,35.48
900034,Player_034,Demo Club Atlántico,Demo Club Atlántico v Demo Club Mediterráneo,2023-11-02,WF,99.01,10208.52,118.07,1249.53,581.32,246.0,812.14,5.82,10.03,3.05,34.37
900034,Player_034,Demo Club Atlántico,Demo Club Atlántico v Demo Club Mediterráneo,2023-12-13,WF,101.88,8867.89,115.04,1458.4,510.58,256.52,511.8,6.71,6.84,2.87,33.47
900034,Player_034,Demo Club Atlántico,Demo Club Atlántico v Demo Club Capital,2024-01-23,WF,82.12,11767.41,97.64,1444.93,506.86,321.23,537.25,8.31,7.94,3.97,32.98
900034,Player_034,Demo Club Atlántico,Demo Club Atlántico v Demo Club Mediterráneo,2024-03-04,WF,62.6,9339.46,117.88,1214.84,710.15,233.72,617.05,6.73,8.85,2.69,32.38
900034,Player_034,Demo Club Atlántico,Demo Club Atlántico v Demo Club Sur,2024-04-14,WF,61.49,9905.26,105.18,1384.15,496.37,164.75,878.99,6.29,7.42,3.04,34.49
900034,Player_034,Demo Club Atlántico,Demo Club Atlántico v Demo Club Norte,2024-05-25,WF,85.14,9797.24,116.13,1433.37,669.38,269.78,601.78,6.82,4.76,3.22,35.02
900035,Player_035,Demo Club Sur,Demo Club Sur v Demo Club Capital,2023-08-12,CB,99.4,10553.0,110.54,1287.96,471.02,191.05,660.08,5.06,6.63,2.25,29.82
900035,Player_035,Demo Club Sur,Demo Club Sur v Demo Club Capital,2023-09-22,CB,88.49,9915.39,129.69,1293.8,505.23,183.25,684.3,7.49,7.7,2.18,28.92
900035,Player_035,Demo Club Sur,Demo Club Sur v Demo Club Interior,2023-11-02,CB,100.9,10319.03,105.93,960.47,558.96,133.41,572.6,7.44,8.98,3.05,29.58
900035,Player_035,Demo Club Sur,Demo Club Sur v Demo Club Capital,2023-12-13,CB,60.34,9800.62,101.55,1712.05,586.45,231.97,565.29,7.27,5.25,1.56,27.84
900035,Player_035,Demo Club Sur,Demo Club Sur v Demo Club Atlántico,2024-01-23,CB,87.9,11324.19,111.24,1415.66,330.54,60.37,490.79,4.75,7.98,2.25,31.26
900035,Player_035,Demo Club Sur,Demo Club Sur v Demo Club Capital,2024-03-04,CB,68.38,9074.31,109.32,1113.92,494.93,168.91,614.94,5.7,4.45,2.98,29.48
900035,Player_035,Demo Club Sur,Demo Club Sur v Demo Club Norte,2024-04-14,CB,60.31,10821.69,115.05,1375.12,521.23,184.07,638.8,6.37,5.04,2.95,29.21
900035,Player_035,Demo Club Sur,Demo Club Sur v Demo Club Interior,2024-05-25,CB,68.51,9665.85,95.61,1050.56,596.65,96.14,864.53,7.71,5.8,2.18,30.36
900036,Player_036,Demo Club Interior,Demo Club Interior v Demo Club Norte,2023-08-12,CF,73.91,11403.63,118.38,1259.33,536.78,161.2,467.65,7.42,7.9,1.46,32.3
900036,Player_036,Demo Club Interior,Demo Club Interior v Demo Club Sur,2023-09-28,CF,92.15,9890.37,109.35,1369.56,567.88,247.36,792.5,9.24,6.62,1.88,34.21
900036,Player_036,Demo Club Interior,Demo Club Interior v Demo Club Capital,2023-11-15,CF,90.18,10453.67,103.35,1624.23,489.92,219.69,688.31,7.48,7.85,2.62,36.76
900036,Player_036,Demo Club Interior,Demo Club Interior v Demo Club Mediterráneo,2024-01-02,CF,102.65,9940.68,110.1,1253.78,679.0,219.7,538.0,4.57,9.97,3.86,34.03
900036,Player_036,Demo Club Interior,Demo Club Interior v Demo Club Sur,2024-02-19,CF,96.52,11421.87,109.39,1201.14,613.07,180.87,515.05,7.1,6.79,2.65,33.35
900036,Player_036,Demo Club Interior,Demo Club Interior v Demo Club Capital,2024-04-07,CF,77.6,9548.44,100.21,1193.79,590.83,202.79,623.72,5.06,6.74,2.43,32.72
900036,Player_036,Demo Club Interior,Demo Club Interior v Demo Club Mediterráneo,2024-05-25,CF,93.56,9709.83,107.57,1457.33,504.53,242.64,694.64,8.44,7.93,2.3,33.53
900037,Player_037,Demo Club Norte,Demo Club Norte v Demo Club Atlántico,2023-08-12,WF,63.45,9635.22,102.92,752.48,424.94,190.16,728.71,7.97,5.37,3.21,33.14
900037,Player_037,Demo Club Norte,Demo Club Norte v Demo Club Sur,2023-09-09,WF,91.91,9462.35,112.19,994.24,534.99,301.48,594.08,8.02,9.22,3.53,34.7
900037,Player_037,Demo Club Norte,Demo Club Norte v Demo Club Sur,2023-10-08,WF,72.52,11903.37,132.17,993.03,436.42,147.55,659.19,6.49,8.92,3.36,33.89
900037,Player_037,Demo Club Norte,Demo Club Norte v Demo Club Atlántico,2023-11-06,WF,101.28,10392.81,105.63,1388.26,732.89,185.49,649.84,6.72,7.04,1.19,32.74
900037,Player_037,Demo Club Norte,Demo Club Norte v Demo Club Atlántico,2023-12-04,WF,82.82,10522.36,111.66,1228.75,344.17,215.25,658.42,7.13,6.0,2.42,34.12
900037,Player_037,Demo Club Norte,Demo Club Norte v Demo Club Interior,2024-01-02,WF,69.32,9979.41,108.34,1047.26,594.49,272.63,442.43,5.18,7.71,3.5,33.27
900037,Player_037,Demo Club Norte,Demo Club Norte v Demo Club Mediterráneo,2024-01-31,WF,82.33,10217.23,101.56,1270.64,399.22,271.57,844.76,7.04,6.19,4.22,34.21
900037,Player_037,Demo Club Norte,Demo Club Norte v Demo Club Atlántico,2024-02-28,WF,87.72,9996.3,108.92,1541.66,455.37,150.6,673.66,7.0,6.67,4.05,33.53
900037,Player_037,Demo Club Norte,Demo Club Norte v Demo Club Capital,2024-03-28,WF,78.35,10164.97,106.22,1319.98,520.9,156.81,669.85,9.93,5.7,3.53,32.82
900037,Player_037,Demo Club Norte,Demo Club Norte v Demo Club Sur,2024-04-26,WF,75.18,9173.41,103.35,1261.64,682.79,83.15,672.86,8.18,4.03,3.3,35.76
900037,Player_037,Demo Club Norte,Demo Club Norte v Demo Club Capital,2024-05-25,WF,61.7,9011.73,110.71,1307.89,467.43,264.25,809.14,7.28,4.61,1.3,35.15
900038,Player_038,Demo Club Capital,Demo Club Capital v Demo Club Interior,2023-08-12,CMF,101.36,11157.02,129.37,1073.98,519.36,128.21,563.88,6.23,9.62,1.14,28.58
900038,Player_038,Demo Club Capital,Demo Club Capital v Demo Club Sur,2023-09-09,CMF,67.34,10974.45,123.92,1095.77,462.26,230.52,754.36,3.38,9.44,1.24,27.58
900038,Player_038,Demo Club Capital,Demo Club Capital v Demo Club Norte,2023-10-08,CMF,97.99,9503.86,113.03,1247.82,377.63,89.85,531.66,5.01,7.32,2.19,26.47
900038,Player_038,Demo Club Capital,Demo Club Capital v Demo Club Norte,2023-11-06,CMF,101.6,9578.09,110.5,850.59,326.9,209.34,684.59,7.63,6.31,2.66,31.89
900038,Player_038,Demo Club Capital,Demo Club Capital v Demo Club Atlántico,2023-12-04,CMF,61.68,9220.48,114.9,1181.51,469.39,115.02,598.12,5.91,8.12,3.23,29.82
900038,Player_038,Demo Club Capital,Demo Club Capital v Demo Club Atlántico,2024-01-02,CMF,66.87,12346.61,116.66,969.23,363.57,93.48,730.46,5.79,7.79,2.6,29.1
900038,Player_038,Demo Club Capital,Demo Club Capital v Demo Club Norte,2024-01-31,CMF,87.16,10227.95,110.07,1318.9,381.36,86.27,446.36,5.0,8.02,3.68,28.57
900038,Player_038,Demo Club Capital,Demo Club Capital v Demo Club Norte,2024-02-28,CMF,70.86,8547.93,92.03,1428.54,441.02,209.55,753.41,6.77,7.0,2.33,29.33
900038,Player_038,Demo Club Capital,Demo Club Capital v Demo Club Atlántico,2024-03-28,CMF,82.83,9986.75,123.65,1308.64,467.55,161.03,515.1,7.79,6.14,3.97,29.68
900038,Player_038,Demo Club Capital,Demo Club Capital v Demo Club Interior,2024-04-26,CMF,64.88,9656.13,114.04,1525.31,462.75,174.02,682.55,6.39,7.91,3.14,31.72
900038,Player_038,Demo Club Capital,Demo Club Capital v Demo Club Sur,2024-05-25,CMF,80.57,10090.5,93.32,1178.55,243.45,215.94,571.21,7.3,8.18,1.89,27.29
900039,Player_039,Demo Club Mediterráneo,Demo Club Mediterráneo v Demo Club Interior,2023-08-12,CB,79.21,9814.31,108.71,1203.66,610.21,187.73,885.7,6.39,7.25,1.84,30.48
900039,Player_039,Demo Club Mediterráneo,Demo Club Mediterráneo v Demo Club Interior,2023-09-12,CB,71.62,9299.59,103.76,1322.59,298.75,158.1,625.95,8.53,5.85,1.76,29.36
900039,Player_039,Demo Club Mediterráneo,Demo Club Mediterráneo v Demo Club Capital,2023-10-14,CB,102.5,9700.61,115.19,1199.28,512.89,143.08,630.98,7.22,5.83,1.89,29.38
900039,Player_039,Demo Club Mediterráneo,Demo Club Mediterráneo v Demo Club Capital,2023-11-15,CB,70.86,8078.99,115.0,1292.25,364.27,214.96,675.48,5.66,8.75,1.0,30.83
900039,Player_039,Demo Club Mediterráneo,Demo Club Mediterráneo v Demo Club Capital,2023-12-17,CB,65.72,10996.31,109.82,1017.95,444.79,185.25,618.57,4.45,9.91,1.4,29.18
900039,Player_039,Demo Club Mediterráneo,Demo Club Mediterráneo v Demo Club Atlántico,2024-01-18,CB,78.15,8939.91,114.65,1486.3,543.35,224.67,703.04,5.63,9.69,1.31,30.47
900039,Player_039,Demo Club Mediterráneo,Demo Club Mediterráneo v Demo Club Norte,2024-02-19,CB,79.95,10559.06,113.74,1451.83,463.49,182.84,628.07,4.4,8.34,1.86,29.86
900039,Player_039,Demo Club Mediterráneo,Demo Club Mediterráneo v Demo Club Interior,2024-03-22,CB,61.81,8780.33,118.73,1044.47,627.73,194.23,755.39,5.49,5.05,3.08,29.07
900039,Player_039,Demo Club Mediterráneo,Demo Club Mediterráneo v Demo Club Norte,2024-04-23,CB,102.45,9949.08,101.34,1177.08,299.3,107.57,720.29,7.07,7.35,1.98,28.92
900039,Player_039,Demo Club Mediterráneo,Demo Club Mediterráneo v Demo Club Capital,2024-05-25,CB,96.95,9825.74,111.72,907.37,502.92,274.62,659.55,5.67,8.65,2.48,28.47
900040,Player_040,Demo Club Atlántico,Demo Club Atlántico v Demo Club Norte,2023-08-12,AMF,87.34,7817.64,104.29,1536.13,466.3,142.24,680.67,4.97,7.71,1.04,30.61
900040,Player_040,Demo Club Atlántico,Demo Club Atlántico v Demo Club Sur,2023-09-28,AMF,88.15,10196.26,114.66,1206.09,544.35,265.11,699.55,5.62,5.4,2.67,30.74
900040,Player_040,Demo Club Atlántico,Demo Club Atlántico v Demo Club Capital,2023-11-15,AMF,82.63,9666.53,124.52,1531.46,353.53,220.4,621.22,7.63,6.69,3.52,29.79
900040,Player_040,Demo Club Atlántico,Demo Club Atlántico v Demo Club Mediterráneo,2024-01-02,AMF,65.08,9394.46,111.88,1183.05,428.87,202.01,757.49,4.38,6.88,2.96,29.26
900040,Player_040,Demo Club Atlántico,Demo Club Atlántico v Demo Club Interior,2024-02-19,AMF,72.38,8569.92,98.84,1420.59,500.35,83.32,446.15,4.84,7.26,2.68,28.2
900040,Player_040,Demo Club Atlántico,Demo Club Atlántico v Demo Club Interior,2024-04-07,AMF,71.97,8792.99,105.66,1372.43,316.85,87.94,688.18,5.01,7.25,3.36,29.08
900040,Player_040,Demo Club Atlántico,Demo Club Atlántico v Demo Club Sur,2024-05-25,AMF,64.24,10627.15,103.4,986.38,625.91,168.88,663.91,3.96,6.75,1.41,30.39
900041,Player_041,Demo Club Sur,Demo Club Sur v Demo Club Atlántico,2023-08-12,CB,95.19,10443.63,121.73,1560.17,450.02,281.84,547.94,4.14,6.89,1.61,30.36
900041,Player_041,Demo Club Sur,Demo Club Sur v Demo Club Interior,2023-09-28,CB,99.64,9972.17,104.74,1217.99,551.57,99.38,612.65,6.02,8.17,3.03,27.73
900041,Player_041,Demo Club Sur,Demo Club Sur v Demo Club Norte,2023-11-15,CB,81.61,10241.89,107.38,1166.1,342.41,104.12,445.96,4.58,7.01,2.64,31.68
900041,Player_041,Demo Club Sur,Demo Club Sur v Demo Club Capital,2024-01-02,CB,92.66,9369.26,118.17,1399.67,474.72,191.03,591.34,4.75,6.7,3.62,28.67
900041,Player_041,Demo Club Sur,Demo Club Sur v Demo Club Capital,2024-02-19,CB,66.57,9872.19,110.5,995.38,455.42,163.2,506.77,5.84,9.02,3.07,28.62
900041,Player_041,Demo Club Sur,Demo Club Sur v Demo Club Norte,2024-04-07,CB,72.29,10050.64,101.76,1279.96,416.21,18.21,739.09,6.01,7.96,3.19,30.0
900041,Player_041,Demo Club Sur,Demo Club Sur v Demo Club Capital,2024-05-25,CB,99.38,10478.62,118.0,1445.48,570.89,124.72,539.64,5.27,7.68,1.93,28.99
900042,Player_042,Demo Club Interior,Demo Club Interior v Demo Club Capital,2023-08-12,DMF,86.47,8698.48,108.9,1072.82,547.01,82.27,393.29,1.51,8.87,1.39,30.69
900042,Player_042,Demo Club Interior,Demo Club Interior v Demo Club Mediterráneo,2023-09-28,DMF,86.18,10059.47,112.06,1173.71,556.82,102.53,611.23,8.13,8.14,2.89,31.66
900042,Player_042,Demo Club Interior,Demo Club Interior v Demo Club Mediterráneo,2023-11-15,DMF,101.19,10160.41,120.76,1255.57,347.57,160.38,424.0,6.77,7.14,1.69,28.62
900042,Player_042,Demo Club Interior,Demo Club Interior v Demo Club Norte,2024-01-02,DMF,97.46,10082.53,103.27,1397.96,647.41,209.72,629.29,5.87,5.22,2.01,29.8
900042,Player_042,Demo Club Interior,Demo Club Interior v Demo Club Capital,2024-02-19,DMF,102.1,9475.68,100.09,1583.99,488.53,123.12,551.35,5.14,9.14,1.51,29.02
900042,Player_042,Demo Club Interior,Demo Club Interior v Demo Club Sur,2024-04-07,DMF,103.62,8704.37,104.89,1425.61,425.86,261.82,548.99,3.94,9.0,2.35,28.41
900042,Player_042,Demo Club Interior,Demo Club Interior v Demo Club Norte,2024-05-25,DMF,84.05,10070.15,124.98,820.93,521.21,167.31,677.43,5.02,7.42,2.94,31.26
900043,Player_043,Demo Club Norte,Demo Club Norte v Demo Club Interior,2023-08-12,DMF,66.97,9246.79,118.41,1420.12,409.63,128.52,887.29,4.98,6.9,3.64,28.87
900043,Player_043,Demo Club Norte,Demo Club Norte v Demo Club Mediterráneo,2023-09-16,DMF,65.73,10911.68,119.37,1313.87,358.33,111.93,423.16,4.58,6.56,2.74,29.46
900043,Player_043,Demo Club Norte,Demo Club Norte v Demo Club Mediterráneo,2023-10-22,DMF,77.15,10355.33,108.99,1092.42,417.93,141.83,485.59,6.38,8.56,2.97,30.87
900043,Player_043,Demo Club Norte,Demo Club Norte v Demo Club Capital,2023-11-27,DMF,91.95,10066.98,103.67,1346.13,392.48,209.93,747.62,4.97,5.6,2.89,30.55
900043,Player_043,Demo Club Norte,Demo Club Norte v Demo Club Atlántico,2024-01-02,DMF,77.63,10096.62,103.16,1563.2,461.17,164.15,424.23,6.05,6.34,0.79,29.78
900043,Player_043,Demo Club Norte,Demo Club Norte v Demo Club Atlántico,2024-02-07,DMF,99.31,10814.25,102.81,1007.5,565.31,163.65,618.64,5.23,6.19,3.01,28.76
900043,Player_043,Demo Club Norte,Demo Club Norte v Demo Club Sur,2024-03-14,DMF,102.09,9929.23,111.39,1477.84,424.98,165.25,583.29,5.04,8.11,1.3,29.9
900043,Player_043,Demo Club Norte,Demo Club Norte v Demo Club Sur,2024-04-19,DMF,85.1,9364.9,107.14,1735.13,607.32,127.31,661.53,8.2,9.87,3.44,28.55
900043,Player_043,Demo Club Norte,Demo Club Norte v Demo Club Interior,2024-05-25,DMF,66.65,10374.84,107.86,1740.55,328.46,88.15,627.77,3.52,6.78,4.06,30.79
900044,Player_044,Demo Club Capital,Demo Club Capital v Demo Club Norte,2023-08-12,FB,99.26,11012.74,115.66,1369.08,513.62,237.05,821.77,7.39,5.87,2.58,32.3
900044,Player_044,Demo Club Capital,Demo Club Capital v Demo Club Interior,2023-09-22,FB,74.42,9192.54,102.34,1064.44,404.28,227.14,697.94,6.16,8.09,3.09,32.85
900044,Player_044,Demo Club Capital,Demo Club Capital v Demo Club Atlántico,2023-11-02,FB,66.13,7927.43,106.03,1420.65,672.29,243.3,516.74,7.15,6.99,3.41,32.74
900044,Player_044,Demo Club Capital,Demo Club Capital v Demo Club Norte,2023-12-13,FB,90.65,9864.64,105.22,1337.82,522.53,190.08,600.79,6.63,6.97,3.97,33.5
900044,Player_044,Demo Club Capital,Demo Club Capital v Demo Club Mediterráneo,2024-01-23,FB,96.35,10280.6,116.48,1066.47,519.38,180.3,724.29,5.17,5.6,2.15,34.9
900044,Player_044,Demo Club Capital,Demo Club Capital v Demo Club Norte,2024-03-04,FB,76.51,8597.33,104.48,1648.05,550.14,231.62,930.92,7.01,9.35,3.06,34.48
900044,Player_044,Demo Club Capital,Demo Club Capital v Demo Club Atlántico,2024-04-14,FB,99.43,11047.77,108.58,1252.61,344.8,257.96,816.41,9.4,9.07,2.89,34.86
900044,Player_044,Demo Club Capital,Demo Club Capital v Demo Club Interior,2024-05-25,FB,101.11,10033.48,105.87,1543.52,681.54,294.94,620.16,6.88,7.21,2.48,33.49
900045,Player_045,Demo Club Mediterráneo,Demo Club Mediterráneo v Demo Club Sur,2023-08-12,WF,87.84,11116.29,111.46,1236.8,486.25,317.14,863.54,9.29,8.75,3.45,32.47
900045,Player_045,Demo Club Mediterráneo,Demo Club Mediterráneo v Demo Club Interior,2023-09-07,WF,76.76,10260.23,106.07,1307.49,542.68,96.87,590.33,5.43,9.1,3.62,33.0
900045,Player_045,Demo Club Mediterráneo,Demo Club Mediterráneo v Demo Club Capital,2023-10-03,WF,86.54,8765.13,94.58,1386.17,528.74,321.52,660.01,5.63,8.07,3.28,33.67
900045,Player_045,Demo Club Mediterráneo,Demo Club Mediterráneo v Demo Club Norte,2023-10-29,WF,73.11,11380.49,127.59,1219.5,477.43,146.62,823.45,7.77,5.96,2.53,33.54
900045,Player_045,Demo Club Mediterráneo,Demo Club Mediterráneo v Demo Club Norte,2023-11-24,WF,98.17,11486.26,114.88,1193.35,596.95,141.93,774.77,8.71,8.21,4.09,31.65
900045,Player_045,Demo Club Mediterráneo,Demo Club Mediterráneo v Demo Club Norte,2023-12-20,WF,73.16,9647.57,107.3,957.43,474.54,141.87,788.35,4.36,9.02,2.12,33.57
900045,Player_045,Demo Club Mediterráneo,Demo Club Mediterráneo v Demo Club Interior,2024-01-15,WF,99.44,10532.58,120.58,1165.56,683.97,124.12,607.08,8.38,8.04,2.65,36.33
900045,Player_045,Demo Club Mediterráneo,Demo Club Mediterráneo v Demo Club Norte,2024-02-10,WF,80.48,10656.24,108.94,930.38,469.19,195.31,666.08,6.37,6.0,2.19,33.48
900045,Player_045,Demo Club Mediterráneo,Demo Club Mediterráneo v Demo Club Interior,2024-03-07,WF,74.94,9892.76,103.85,1397.03,477.71,214.39,603.69,8.55,9.32,4.4,32.67
900045,Player_045,Demo Club Mediterráneo,Demo Club Mediterráneo v Demo Club Capital,2024-04-02,WF,86.4,9244.22,111.31,806.49,626.26,89.58,848.61,7.39,7.74,2.03,34.64
900045,Player_045,Demo Club Mediterráneo,Demo Club Mediterráneo v Demo Club Atlántico,2024-04-28,WF,75.81,10213.54,109.02,1210.73,342.95,225.17,889.72,7.07,6.71,3.41,34.1
900045,Player_045,Demo Club Mediterráneo,Demo Club Mediterráneo v Demo Club Norte,2024-05-25,WF,62.21,9620.95,113.78,938.84,702.81,191.41,879.03,7.89,6.27,3.64,35.15
900046,Player_046,Demo Club Atlántico,Demo Club Atlántico v Demo Club Capital,2023-08-12,CMF,88.04,11295.62,112.74,1122.47,446.68,301.84,565.76,5.96,5.57,2.48,28.75
900046,Player_046,Demo Club Atlántico,Demo Club Atlántico v Demo Club Capital,2023-09-16,CMF,85.2,9838.79,90.79,1007.74,598.7,336.76,646.63,4.43,3.25,2.77,31.08
900046,Player_046,Demo Club Atlántico,Demo Club Atlántico v Demo Club Interior,2023-10-22,CMF,104.91,9221.43,101.84,1303.86,592.49,210.32,672.55,6.89,8.01,2.31,31.04
900046,Player_046,Demo Club Atlántico,Demo Club Atlántico v Demo Club Mediterráneo,2023-11-27,CMF,88.34,9917.86,111.8,1370.64,387.55,199.74,535.97,5.37,8.51,3.19,29.68
900046,Player_046,Demo Club Atlántico,Demo Club Atlántico v Demo Club Capital,2024-01-02,CMF,65.12,9339.74,107.72,981.42,526.94,47.73,537.24,5.8,6.44,2.0,31.22
900046,Player_046,Demo Club Atlántico,Demo Club Atlántico v Demo Club Sur,2024-02-07,CMF,89.43,9986.9,115.02,1313.34,441.29,78.76,646.75,5.47,5.82,2.76,29.45
900046,Player_046,Demo Club Atlántico,Demo Club Atlántico v Demo Club Sur,2024-03-14,CMF,86.56,10241.52,98.57,1193.05,579.82,144.67,608.89,7.31,8.63,3.46,30.36
900046,Player_046,Demo Club Atlántico,Demo Club Atlántico v Demo Club Capital,2024-04-19,CMF,87.74,10342.4,106.67,1325.63,625.63,226.65,630.98,5.7,8.51,1.81,30.08
900046,Player_046,Demo Club Atlántico,Demo Club Atlántico v Demo Club Norte,2024-05-25,CMF,79.63,9130.41,97.62,1091.97,420.95,185.01,526.22,4.83,10.42,2.1,29.35
900047,Player_047,Demo Club Sur,Demo Club Sur v Demo Club Atlántico,2023-08-12,CB,74.81,12394.05,106.71,1468.42,564.27,71.73,588.46,7.21,7.89,2.55,29.75
900047,Player_047,Demo Club Sur,Demo Club Sur v Demo Club Atlántico,2023-09-16,CB,72.04,10383.92,103.55,1307.08,521.48,140.51,427.01,7.54,7.64,1.93,29.94
900047,Player_047,Demo Club Sur,Demo Club Sur v Demo Club Capital,2023-10-22,CB,81.96,9644.66,119.21,1319.05,433.69,94.58,514.96,9.11,2.81,3.28,29.3
900047,Player_047,Demo Club Sur,Demo Club Sur v Demo Club Mediterráneo,2023-11-27,CB,80.96,8997.19,101.14,1165.83,401.55,68.85,655.52,5.03,7.63,2.54,30.08
900047,Player_047,Demo Club Sur,Demo Club Sur v Demo Club Capital,2024-01-02,CB,71.34,10664.43,102.09,1001.0,402.08,166.77,557.45,5.59,8.15,2.95,28.49
900047,Player_047,Demo Club Sur,Demo Club Sur v Demo Club Atlántico,2024-02-07,CB,83.71,10102.03,114.01,1116.6,430.19,72.34,507.44,6.43,8.57,1.56,31.09
900047,Player_047,Demo Club Sur,Demo Club Sur v Demo Club Capital,2024-03-14,CB,65.17,8382.7,111.88,965.06,386.68,124.39,745.0,7.21,5.6,2.67,28.72
900047,Player_047,Demo Club Sur,Demo Club Sur v Demo Club Atlántico,2024-04-19,CB,94.41,9695.75,103.23,835.88,423.3,213.66,500.07,7.25,7.84,3.47,30.05
900047,Player_047,Demo Club Sur,Demo Club Sur v Demo Club Capital,2024-05-25,CB,70.91,9223.26,106.1,1203.55,576.84,152.88,663.78,6.74,6.81,3.92,30.85
900048,Player_048,Demo Club Interior,Demo Club Interior v Demo Club Norte,2023-08-12,AMF,67.22,11029.98,110.05,1328.66,385.59,252.64,505.96,7.22,6.48,2.73,29.18
900048,Player_048,Demo Club Interior,Demo Club Interior v Demo Club Atlántico,2023-09-07,AMF,101.65,10138.37,109.91,1189.18,395.96,180.75,596.28,5.15,7.73,2.44,30.45
900048,Player_048,Demo Club Interior,Demo Club Interior v Demo Club Norte,2023-10-03,AMF,103.37,9676.03,112.94,962.06,565.54,120.11,575.01,7.97,6.67,3.67,30.89
900048,Player_048,Demo Club Interior,Demo Club Interior v Demo Club Capital,2023-10-29,AMF,100.29,10928.42,113.0,1471.55,458.79,118.48,566.85,6.56,8.19,2.21,28.08
900048,Player_048,Demo Club Interior,Demo Club Interior v Demo Club Norte,2023-11-24,AMF,95.45,10976.78,108.28,1257.68,385.37,218.36,606.49,8.77,8.37,3.61,29.32
900048,Player_048,Demo Club Interior,Demo Club Interior v Demo Club Mediterráneo,2023-12-20,AMF,68.77,9658.85,114.93,1571.23,366.03,233.8,432.88,6.76,6.63,3.13,29.55
900048,Player_048,Demo Club Interior,Demo Club Interior v Demo Club Mediterráneo,2024-01-15,AMF,63.81,8332.45,117.54,1067.16,589.81,46.24,663.55,4.54,5.33,2.13,30.01
900048,Player_048,Demo Club Interior,Demo Club Interior v Demo Club Mediterráneo,2024-02-10,AMF,92.55,10862.64,115.07,1104.25,418.06,264.98,699.05,6.18,8.18,3.31,30.36
900048,Player_048,Demo Club Interior,Demo Club Interior v Demo Club Mediterráneo,2024-03-07,AMF,67.47,10482.01,101.4,1134.77,462.39,188.74,541.03,7.46,7.72,3.01,28.88
900048,Player_048,Demo Club Interior,Demo Club Interior v Demo Club Capital,2024-04-02,AMF,101.49,11136.61,104.8,1621.17,501.83,219.37,642.57,7.5,10.43,3.04,27.53
900048,Player_048,Demo Club Interior,Demo Club Interior v Demo Club Norte,2024-04-28,AMF,89.13,10581.86,112.14,878.72,473.47,169.36,604.2,7.06,6.81,3.06,29.91
900048,Player_048,Demo Club Interior,Demo Club Interior v Demo Club Atlántico,2024-05-25,AMF,61.27,9508.46,101.64,1179.94,431.79,151.7,633.97,4.6,8.45,2.45,30.48
900049,Player_049,Demo Club Norte,Demo Club Norte v Demo Club Sur,2023-08-12,DMF,86.75,10202.17,98.18,1228.45,445.92,53.79,609.85,8.39,5.37,1.56,28.25
900049,Player_049,Demo Club Norte,Demo Club Norte v Demo Club Atlántico,2023-09-09,DMF,103.97,9342.94,112.81,1420.77,621.09,163.7,569.13,6.11,7.34,2.15,27.7
900049,Player_049,Demo Club Norte,Demo Club Norte v Demo Club Sur,2023-10-08,DMF,71.49,9499.41,111.64,1549.52,470.67,158.86,574.25,7.98,5.5,1.87,27.93
900049,Player_049,Demo Club Norte,Demo Club Norte v Demo Club Interior,2023-11-06,DMF,78.5,10227.65,103.96,1367.53,374.32,264.41,617.07,6.14,9.57,2.59,29.31
900049,Player_049,Demo Club Norte,Demo Club Norte v Demo Club Mediterráneo,2023-12-04,DMF,61.21,9300.35,114.2,1420.02,459.35,178.36,502.09,6.03,11.26,2.4,29.77
900049,Player_049,Demo Club Norte,Demo Club Norte v Demo Club Mediterráneo,2024-01-02,DMF,74.94,9423.08,115.07,1094.0,473.11,245.21,603.36,5.97,3.81,2.38,31.31
900049,Player_049,Demo Club Norte,Demo Club Norte v Demo Club Atlántico,2024-01-31,DMF,88.04,10144.04,110.12,1446.58,451.82,198.25,671.26,6.63,8.81,1.03,26.08
900049,Player_049,Demo Club Norte,Demo Club Norte v Demo Club Atlántico,2024-02-28,DMF,68.32,10387.71,104.9,1162.25,483.5,98.03,650.39,5.54,9.08,3.29,30.46
900049,Player_049,Demo Club Norte,Demo Club Norte v Demo Club Sur,2024-03-28,DMF,93.25,10226.47,115.88,1258.44,471.34,188.14,724.66,7.41,5.99,2.23,28.45
900049,Player_049,Demo Club Norte,Demo Club Norte v Demo Club Atlántico,2024-04-26,DMF,74.54,9331.78,100.33,1240.01,483.48,189.27,632.06,5.26,9.03,2.85,29.26
900049,Player_049,Demo Club Norte,Demo Club Norte v Demo Club Sur,2024-05-25,DMF,92.34,9957.55,100.81,1437.82,468.41,190.21,623.01,8.8,1.92,1.1,29.26
900050,Player_050,Demo Club Capital,Demo Club Capital v Demo Club Norte,2023-08-12,CF,95.78,11374.79,102.85,843.58,593.74,57.8,531.99,5.77,9.99,2.34,33.41
900050,Player_050,Demo Club Capital,Demo Club Capital v Demo Club Sur,2023-09-07,CF,64.69,9110.67,112.27,1256.96,576.4,48.18,840.51,8.59,10.84,3.05,33.08
900050,Player_050,Demo Club Capital,Demo Club Capital v Demo Club Atlántico,2023-10-03,CF,90.66,10546.52,103.75,1194.81,610.85,162.49,829.36,5.78,8.13,1.32,35.26
900050,Player_050,Demo Club Capital,Demo Club Capital v Demo Club Interior,2023-10-29,CF,78.28,8888.97,101.19,1110.77,625.04,217.29,789.68,8.65,5.41,4.25,34.11
900050,Player_050,Demo Club Capital,Demo Club Capital v Demo Club Norte,2023-11-24,CF,63.53,9799.83,122.75,1287.1,461.58,165.98,684.38,7.56,8.08,3.5,32.7
900050,Player_050,Demo Club Capital,Demo Club Capital v Demo Club Interior,2023-12-20,CF,89.02,9951.99,112.9,1020.07,589.07,211.73,576.55,5.37,8.69,2.79,34.7
900050,Player_050,Demo Club Capital,Demo Club Capital v Demo Club Atlántico,2024-01-15,CF,95.72,9355.61,112.74,1273.54,624.53,109.45,882.95,5.27,9.47,3.38,36.06
900050,Player_050,Demo Club Capital,Demo Club Capital v Demo Club Interior,2024-02-10,CF,68.9,10775.69,112.36,1122.62,491.33,209.35,766.82,1.44,6.93,2.24,31.46
900050,Player_050,Demo Club Capital,Demo Club Capital v Demo Club Mediterráneo,2024-03-07,CF,86.17,10897.97,107.72,1458.21,282.41,191.16,568.85,8.66,8.79,2.51,32.65
900050,Player_050,Demo Club Capital,Demo Club Capital v Demo Club Mediterráneo,2024-04-02,CF,69.42,10710.65,105.67,1257.88,562.24,248.86,722.75,6.15,6.52,2.19,33.22
900050,Player_050,Demo Club Capital,Demo Club Capital v Demo Club Norte,2024-04-28,CF,81.93,9906.23,105.54,1016.7,707.58,181.33,867.05,5.67,10.7,3.11,33.66
900050,Player_050,Demo Club Capital,Demo Club Capital v Demo Club Atlántico,2024-05-25,CF,68.26,10346.14,102.92,1217.33,616.64,193.81,771.51,4.4,10.68,2.19,34.53
900051,Player_051,Demo Club Mediterráneo,Demo Club Mediterráneo v Demo Club Capital,2023-08-12,DMF,94.92,9430.55,110.47,1248.43,472.32,186.71,807.61,4.93,7.62,2.46,30.11
900051,Player_051,Demo Club Mediterráneo,Demo Club Mediterráneo v Demo Club Capital,2023-09-16,DMF,63.39,10335.79,110.9,971.3,553.27,187.6,724.16,6.11,8.05,3.28,29.42
900051,Player_051,Demo Club Mediterráneo,Demo Club Mediterráneo v Demo Club Interior,2023-10-22,DMF,68.95,10590.86,111.2,1428.61,401.11,199.51,693.9,5.67,5.42,3.62,30.79
900051,Player_051,Demo Club Mediterráneo,Demo Club Mediterráneo v Demo Club Sur,2023-11-27,DMF,78.34,10013.9,109.72,1117.16,594.25,112.52,546.08,7.47,8.82,2.88,30.12
900051,Player_051,Demo Club Mediterráneo,Demo Club Mediterráneo v Demo Club Atlántico,2024-01-02,DMF,93.23,9763.26,108.13,1510.12,289.34,218.09,499.08,6.46,8.96,3.57,29.88
900051,Player_051,Demo Club Mediterráneo,Demo Club Mediterráneo v Demo Club Atlántico,2024-02-07,DMF,79.3,10237.96,105.43,1226.27,510.25,247.57,823.7,7.5,8.21,2.28,31.18
900051,Player_051,Demo Club Mediterráneo,Demo Club Mediterráneo v Demo Club Norte,2024-03-14,DMF,74.19,9809.59,112.1,1200.84,427.38,198.12,754.42,4.74,8.8,1.36,30.29
900051,Player_051,Demo Club Mediterráneo,Demo Club Mediterráneo v Demo Club Capital,2024-04-19,DMF,93.17,9598.09,107.19,1012.52,586.43,247.98,634.71,5.83,8.68,1.15,30.23
900051,Player_051,Demo Club Mediterráneo,Demo Club Mediterráneo v Demo Club Interior,2024-05-25,DMF,91.54,9933.79,107.2,1526.61,673.59,275.1,546.71,7.82,6.66,1.79,27.13
900052,Player_052,Demo Club Atlántico,Demo Club Atlántico v Demo Club Sur,2023-08-12,CB,78.09,10407.08,110.29,1148.81,577.22,173.44,732.21,5.99,10.16,2.61,28.72
900052,Player_052,Demo Club Atlántico,Demo Club Atlántico v Demo Club Interior,2023-09-12,CB,90.81,9671.59,108.19,1114.19,476.31,81.83,620.09,5.17,8.98,2.56,28.37
900052,Player_052,Demo Club Atlántico,Demo Club Atlántico v Demo Club Interior,2023-10-14,CB,66.18,9664.76,109.34,1243.75,511.38,110.23,615.79,6.79,9.36,2.95,30.48
900052,Player_052,Demo Club Atlántico,Demo Club Atlántico v Demo Club Sur,2023-11-15,CB,61.05,10350.37,115.34,1278.96,737.63,106.03,572.46,4.72,6.35,2.66,29.5
900052,Player_052,Demo Club Atlántico,Demo Club Atlántico v Demo Club Sur,2023-12-17,CB,97.75,9966.67,107.17,1137.42,415.34,148.41,684.07,4.35,8.38,2.88,30.93
900052,Player_052,Demo Club Atlántico,Demo Club Atlántico v Demo Club Mediterráneo,2024-01-18,CB,69.4,11245.35,107.0,1243.43,299.6,219.42,476.68,6.78,6.59,3.29,28.33
900052,Player_052,Demo Club Atlántico,Demo Club Atlántico v Demo Club Norte,2024-02-19,CB,76.44,10086.75,116.19,1047.69,383.95,225.45,700.74,4.31,9.07,2.41,28.89
900052,Player_052,Demo Club Atlántico,Demo Club Atlántico v Demo Club Mediterráneo,2024-03-22,CB,88.67,10896.23,109.85,1164.35,592.8,238.38,628.26,4.94,7.44,2.89,25.59
900052,Player_052,Demo Club Atlántico,Demo Club Atlántico v Demo Club Sur,2024-04-23,CB,83.48,11275.3,117.35,1459.87,307.21,209.64,562.64,6.36,4.74,3.05,28.72
900052,Player_052,Demo Club Atlántico,Demo Club Atlántico v Demo Club Norte,2024-05-25,CB,102.64,10181.48,113.69,1354.48,397.65,144.75,768.42,3.35,4.31,3.46,29.86
900053,Player_053,Demo Club Sur,Demo Club Sur v Demo Club Mediterráneo,2023-08-12,FB,100.63,8911.53,111.44,1501.29,591.42,213.61,708.7,6.85,5.78,3.79,31.97
900053,Player_053,Demo Club Sur,Demo Club Sur v Demo Club Mediterráneo,2023-09-07,FB,65.44,10720.46,117.79,1471.53,632.55,247.39,707.6,7.8,5.95,2.58,33.62
900053,Player_053,Demo Club Sur,Demo Club Sur v Demo Club Mediterráneo,2023-10-03,FB,61.28,10191.51,116.85,1051.97,568.23,240.66,814.81,6.2,4.51,4.42,33.7
900053,Player_053,Demo Club Sur,Demo Club Sur v Demo Club Atlántico,2023-10-29,FB,85.72,10146.95,114.14,1418.66,587.99,190.7,786.21,5.94,5.65,3.74,34.15
900053,Player_053,Demo Club Sur,Demo Club Sur v Demo Club Interior,2023-11-24,FB,95.45,8681.09,110.82,1051.99,473.82,123.94,769.79,5.99,7.34,2.99,34.96
900053,Player_053,Demo Club Sur,Demo Club Sur v Demo Club Mediterráneo,2023-12-20,FB,76.7,9775.98,113.02,1349.63,527.9,151.23,601.24,5.94,6.31,2.41,32.92
900053,Player_053,Demo Club Sur,Demo Club Sur v Demo Club Atlántico,2024-01-15,FB,89.22,10733.99,105.05,918.13,712.36,255.53,510.37,4.61,7.55,3.62,33.31
900053,Player_053,Demo Club Sur,Demo Club Sur v Demo Club Norte,2024-02-10,FB,102.64,9646.74,96.16,1269.06,388.41,204.88,572.67,7.53,9.18,2.79,34.23
900053,Player_053,Demo Club Sur,Demo Club Sur v Demo Club Atlántico,2024-03-07,FB,95.78,10209.54,122.34,1377.74,552.16,242.13,589.65,7.71,5.37,2.53,35.84
900053,Player_053,Demo Club Sur,Demo Club Sur v Demo Club Capital,2024-04-02,FB,68.03,9919.62,112.89,994.3,435.98,199.09,712.64,7.85,9.49,2.96,34.26
900053,Player_053,Demo Club Sur,Demo Club Sur v Demo Club Norte,2024-04-28,FB,62.51,11685.19,116.24,1278.36,560.43,255.06,663.34,8.2,6.88,3.34,33.63
900053,Player_053,Demo Club Sur,Demo Club Sur v Demo Club Interior,2024-05-25,FB,74.96,10432.94,103.66,1159.58,572.73,155.77,622.23,5.47,9.6,3.61,34.4
900054,Player_054,Demo Club Interior,Demo Club Interior v Demo Club Atlántico,2023-08-12,CMF,77.06,9444.17,115.87,1264.0,389.6,183.12,503.08,4.97,6.25,2.06,31.58
900054,Player_054,Demo Club Interior,Demo Club Interior v Demo Club Atlántico,2023-09-07,CMF,85.53,10695.54,117.1,900.59,491.07,141.69,593.88,4.84,9.4,2.74,30.17
900054,Player_054,Demo Club Interior,Demo Club Interior v Demo Club Sur,2023-10-03,CMF,86.49,10685.83,92.52,1633.93,489.97,233.62,562.42,7.57,7.24,2.15,27.82
900054,Player_054,Demo Club Interior,Demo Club Interior v Demo Club Sur,2023-10-29,CMF,98.53,10653.04,116.29,1193.23,516.91,209.95,303.99,5.52,6.7,3.32,31.31
900054,Player_054,Demo Club Interior,Demo Club Interior v Demo Club Sur,2023-11-24,CMF,102.53,9883.69,105.36,1331.02,707.19,186.33,760.0,5.27,8.96,2.59,29.28
900054,Player_054,Demo Club Interior,Demo Club Interior v Demo Club Norte,2023-12-20,CMF,64.03,9218.23,115.42,1284.68,515.83,227.07,509.28,7.3,8.62,1.72,29.73
900054,Player_054,Demo Club Interior,Demo Club Interior v Demo Club Capital,2024-01-15,CMF,104.14,9370.31,119.18,1259.83,590.65,202.49,704.02,6.49,5.41,2.74,29.23
900054,Player_054,Demo Club Interior,Demo Club Interior v Demo Club Norte,2024-02-10,CMF,98.83,10176.95,108.09,1111.68,491.31,227.79,733.01,6.6,9.6,2.37,27.87
900054,Player_054,Demo Club Interior,Demo Club Interior v Demo Club Sur,2024-03-07,CMF,104.0,9796.92,109.21,1241.24,448.47,191.85,505.27,5.73,8.26,2.13,30.88
900054,Player_054,Demo Club Interior,Demo Club Interior v Demo Club Atlántico,2024-04-02,CMF,83.54,9693.31,107.93,858.7,580.96,241.13,574.51,6.7,7.01,2.78,31.77
900054,Player_054,Demo Club Interior,Demo Club Interior v Demo Club Mediterráneo,2024-04-28,CMF,81.47,9240.8,103.9,1234.07,537.31,145.01,660.62,5.87,8.32,2.51,29.07
900054,Player_054,Demo Club Interior,Demo Club Interior v Demo Club Atlántico,2024-05-25,CMF,95.1,10249.16,106.84,1035.68,551.58,101.1,615.07,5.06,8.37,1.55,29.64
900055,Player_055,Demo Club Norte,Demo Club Norte v Demo Club Mediterráneo,2023-08-12,FB,79.75,10648.1,112.92,1306.75,514.86,176.26,652.76,7.92,5.26,2.53,33.43
900055,Player_055,Demo Club Norte,Demo Club Norte v Demo Club Sur,2023-09-28,FB,91.15,9794.56,111.02,1158.82,338.64,178.09,622.77,8.3,6.4,0.9,30.95
900055,Player_055,Demo Club Norte,Demo Club Norte v Demo Club Sur,2023-11-15,FB,84.51,9543.01,109.99,1025.89,588.26,170.65,613.34,6.37,5.73,3.76,34.42
900055,Player_055,Demo Club Norte,Demo Club Norte v Demo Club Capital,2024-01-02,FB,73.32,9064.42,100.22,1053.06,419.9,207.74,875.36,7.22,6.15,3.94,35.82
900055,Player_055,Demo Club Norte,Demo Club Norte v Demo Club Sur,2024-02-19,FB,75.4,11487.07,114.91,1334.68,522.98,150.22,560.93,7.86,8.01,3.17,32.07
900055,Player_055,Demo Club Norte,Demo Club Norte v Demo Club Mediterráneo,2024-04-07,FB,103.63,9604.6,110.64,1182.42,529.13,260.06,625.99,6.22,8.95,3.25,33.54
900055,Player_055,Demo Club Norte,Demo Club Norte v Demo Club Atlántico,2024-05-25,FB,68.04,10522.79,100.93,1472.75,476.11,163.1,546.28,7.68,8.16,3.64,34.4
900056,Player_056,Demo Club Capital,Demo Club Capital v Demo Club Atlántico,2023-08-12,CMF,90.6,10228.01,105.44,1692.93,418.99,148.19,659.26,8.34,8.83,2.34,28.43
900056,Player_056,Demo Club Capital,Demo Club Capital v Demo Club Atlántico,2023-09-28,CMF,64.67,10238.04,106.12,1133.71,427.94,208.33,560.89,6.56,9.35,2.6,29.32
900056,Player_056,Demo Club Capital,Demo Club Capital v Demo Club Sur,2023-11-15,CMF,61.0,9656.71,113.48,1275.96,464.94,154.71,757.78,6.69,7.6,1.21,28.7
900056,Player_056,Demo Club Capital,Demo Club Capital v Demo Club Norte,2024-01-02,CMF,70.53,9945.8,103.43,1137.63,433.63,184.0,525.13,7.88,10.46,2.11,29.59
900056,Player_056,Demo Club Capital,Demo Club Capital v Demo Club Atlántico,2024-02-19,CMF,68.24,10400.31,124.86,1233.55,472.98,182.63,627.52,6.36,9.85,1.28,31.75
900056,Player_056,Demo Club Capital,Demo Club Capital v Demo Club Interior,2024-04-07,CMF,78.15,9792.22,111.79,1206.88,354.04,69.0,724.32,6.56,6.29,1.9,28.01
900056,Player_056,Demo Club Capital,Demo Club Capital v Demo Club Interior,2024-05-25,CMF,87.97,9555.91,110.57,1221.15,447.92,52.49,482.14,5.94,10.59,4.1,28.98
900057,Player_057,Demo Club Mediterráneo,Demo Club Mediterráneo v Demo Club Sur,2023-08-12,WF,91.75,8656.11,117.47,1603.9,378.89,192.98,585.1,6.99,7.62,0.53,34.05
900057,Player_057,Demo Club Mediterráneo,Demo Club Mediterráneo v Demo Club Norte,2023-09-22,WF,81.8,10199.11,104.72,1108.67,481.89,231.05,430.61,10.88,5.21,1.88,34.25
900057,Player_057,Demo Club Mediterráneo,Demo Club Mediterráneo v Demo Club Atlántico,2023-11-02,WF,76.0,9545.14,99.71,1376.24,385.28,197.02,1061.85,6.74,9.44,3.96,33.57
900057,Player_057,Demo Club Mediterráneo,Demo Club Mediterráneo v Demo Club Norte,2023-12-13,WF,93.53,10198.24,107.02,1281.09,422.34,115.58,585.13,5.92,7.56,2.49,35.21
900057,Player_057,Demo Club Mediterráneo,Demo Club Mediterráneo v Demo Club Capital,2024-01-23,WF,62.97,9954.37,105.38,1061.85,517.79,201.99,696.35,6.99,6.82,3.67,34.64
900057,Player_057,Demo Club Mediterráneo,Demo Club Mediterráneo v Demo Club Interior,2024-03-04,WF,103.04,9844.65,119.71,1105.65,482.92,184.59,695.5,9.31,5.82,3.78,32.17
900057,Player_057,Demo Club Mediterráneo,Demo Club Mediterráneo v Demo Club Sur,2024-04-14,WF,78.37,9608.65,112.12,1551.55,642.03,210.5,844.35,7.23,5.63,2.54,33.24
900057,Player_057,Demo Club Mediterráneo,Demo Club Mediterráneo v Demo Club Interior,2024-05-25,WF,87.55,9083.75,112.56,1340.86,415.45,189.92,482.86,7.66,5.3,3.46,34.55
900058,Player_058,Demo Club Atlántico,Demo Club Atlántico v Demo Club Interior,2023-08-12,FB,97.52,10794.85,109.07,1663.05,689.01,188.72,522.76,7.84,7.73,3.57,32.8
900058,Player_058,Demo Club Atlántico,Demo Club Atlántico v Demo Club Norte,2023-09-22,FB,72.07,12080.31,119.52,965.66,791.62,142.26,757.14,7.67,9.28,3.74,33.55
900058,Player_058,Demo Club Atlántico,Demo Club Atlántico v Demo Club Capital,2023-11-02,FB,99.65,9947.97,112.49,1307.07,605.64,86.97,815.49,6.56,5.64,2.72,31.57
900058,Player_058,Demo Club Atlántico,Demo Club Atlántico v Demo Club Mediterráneo,2023-12-13,FB,75.12,10257.1,101.62,1167.88,366.11,127.19,941.93,7.86,6.83,1.98,34.57
900058,Player_058,Demo Club Atlántico,Demo Club Atlántico v Demo Club Sur,2024-01-23,FB,87.62,8839.72,109.43,1028.17,571.63,70.53,683.84,7.28,8.08,2.93,34.37
900058,Player_058,Demo Club Atlántico,Demo Club Atlántico v Demo Club Sur,2024-03-04,FB,69.2,8827.56,98.66,1207.72,531.38,229.95,801.25,6.92,6.24,4.73,32.02
900058,Player_058,Demo Club Atlántico,Demo Club Atlántico v Demo Club Capital,2024-04-14,FB,70.2,10412.73,116.3,1380.6,662.1,216.44,684.83,7.59,5.86,3.38,31.82
900058,Player_058,Demo Club Atlántico,Demo Club Atlántico v Demo Club Interior,2024-05-25,FB,86.86,9974.1,110.21,1026.4,676.32,284.57,773.96,7.78,7.75,2.49,35.75
900059,Player_059,Demo Club Sur,Demo Club Sur v Demo Club Capital,2023-08-12,AMF,84.45,9553.46,129.25,1175.66,401.41,95.8,659.15,6.16,9.45,1.4,27.43
900059,Player_059,Demo Club Sur,Demo Club Sur v Demo Club Mediterráneo,2023-09-12,AMF,80.68,9346.82,116.47,1244.72,533.57,107.46,670.63,4.81,9.43,2.06,28.74
900059,Player_059,Demo Club Sur,Demo Club Sur v Demo Club Norte,2023-10-14,AMF,88.96,9993.35,109.02,1415.91,473.67,259.4,759.33,9.39,7.42,1.93,29.22
900059,Player_059,Demo Club Sur,Demo Club Sur v Demo Club Norte,2023-11-15,AMF,94.93,8993.04,111.17,826.31,375.04,60.78,577.75,5.4,9.44,3.14,30.71
900059,Player_059,Demo Club Sur,Demo Club Sur v Demo Club Interior,2023-12-17,AMF,72.02,10490.63,118.1,1505.12,239.85,201.02,370.47,5.17,7.39,1.47,29.74
900059,Player_059,Demo Club Sur,Demo Club Sur v Demo Club Atlántico,2024-01-18,AMF,72.96,8446.28,110.26,1136.27,438.84,240.47,484.11,5.34,6.27,4.37,29.1
900059,Player_059,Demo Club Sur,Demo Club Sur v Demo Club Atlántico,2024-02-19,AMF,73.98,11166.07,96.47,1324.62,322.31,157.62,637.22,3.54,7.83,1.93,29.29
900059,Player_059,Demo Club Sur,Demo Club Sur v Demo Club Interior,2024-03-22,AMF,62.24,9701.02,103.82,1356.81,513.42,91.68,613.64,6.14,7.72,1.95,28.46
900059,Player_059,Demo Club Sur,Demo Club Sur v Demo Club Capital,2024-04-23,AMF,89.97,11159.36,113.31,1329.15,488.2,156.41,774.6,6.24,6.61,3.0,29.41
900059,Player_059,Demo Club Sur,Demo Club Sur v Demo Club Capital,2024-05-25,AMF,103.68,11132.49,105.32,1485.24,681.02,132.39,860.78,6.96,9.0,2.7,28.72
900060,Player_060,Demo Club Interior,Demo Club Interior v Demo Club Capital,2023-08-12,CF,94.51,10254.93,93.66,982.55,551.3,139.42,769.5,8.86,7.48,2.98,33.42
900060,Player_060,Demo Club Interior,Demo Club Interior v Demo Club Norte,2023-09-16,CF,79.77,11095.92,115.57,1469.04,589.41,237.96,619.76,6.85,3.52,1.82,35.22
900060,Player_060,Demo Club Interior,Demo Club Interior v Demo Club Capital,2023-10-22,CF,102.65,9787.36,110.12,1056.09,468.82,235.63,837.4,5.02,8.54,3.54,33.34
900060,Player_060,Demo Club Interior,Demo Club Interior v Demo Club Mediterráneo,2023-11-27,CF,93.36,9911.34,96.64,1197.96,521.2,122.78,732.5,7.35,4.97,3.56,36.61
900060,Player_060,Demo Club Interior,Demo Club Interior v Demo Club Norte,2024-01-02,CF,65.13,10691.84,107.43,1042.0,652.73,186.33,824.03,7.05,5.67,3.66,35.65
900060,Player_060,Demo Club Interior,Demo Club Interior v Demo Club Atlántico,2024-02-07,CF,85.16,9736.53,117.01,1548.11,741.85,138.56,644.82,9.43,6.04,3.14,34.1
900060,Player_060,Demo Club Interior,Demo Club Interior v Demo Club Sur,2024-03-14,CF,68.32,9596.36,114.6,1618.18,433.93,236.33,771.22,5.61,3.07,1.92,35.42
900060,Player_060,Demo Club Interior,Demo Club Interior v Demo Club Sur,2024-04-19,CF,67.21,10918.18,126.69,1272.62,481.64,127.66,703.3,6.15,9.33,2.68,33.94
900060,Player_060,Demo Club Interior,Demo Club Interior v Demo Club Mediterráneo,2024-05-25,CF,92.17,8988.66,115.32,1594.18,573.29,183.93,770.17,9.77,7.45,3.3,32.89
